a,b,n,r_raw,r_adj,null_sd,z
1,4,2890,-0.114,-0.086,0.02,4.2
1,6,1044,0.027,0.018,0.03,0.6
1,7,1289,-0.067,0.023,0.026,0.9
1,8,1468,0.054,0.063,0.026,2.4
1,9,2358,-0.097,-0.064,0.019,3.3
1,11,1323,-0.117,-0.128,0.029,4.4
1,13,8605,0.123,0.123,0.01,12.0
1,17,1360,-0.025,-0.017,0.027,0.6
1,19,3797,-0.024,-0.014,0.017,0.8
1,20,4941,0.056,0.054,0.013,4.1
1,29,5373,-0.062,-0.059,0.013,4.5
1,36,2845,-0.08,-0.086,0.019,4.4
1,39,1683,-0.034,-0.038,0.024,1.6
1,42,1649,0.087,0.093,0.025,3.7
1,48,2904,0.116,0.11,0.019,5.7
1,51,1258,0.037,0.032,0.029,1.1
1,53,2868,-0.109,-0.111,0.019,5.8
1,55,5017,0.031,0.025,0.013,2.0
1,62,3387,-0.303,-0.286,0.018,15.8
1,63,4990,-0.039,-0.047,0.014,3.4
1,67,5398,-0.049,-0.058,0.014,4.2
1,73,2373,0.019,0.007,0.021,0.4
1,77,5034,-0.184,-0.194,0.013,15.1
1,79,9192,0.072,0.086,0.01,8.4
1,81,1650,-0.149,-0.154,0.024,6.4
1,83,1604,-0.097,-0.004,0.024,0.2
1,85,2179,0.142,0.144,0.02,7.3
1,90,3652,-0.038,-0.039,0.016,2.4
1,91,1310,0.015,0.042,0.029,1.4
1,92,3577,-0.152,-0.153,0.016,9.6
1,93,3222,-0.248,-0.247,0.019,13.3
1,95,1091,0.167,0.171,0.029,5.8
1,96,2336,0.041,0.046,0.021,2.2
4,6,1044,-0.306,-0.185,0.031,6.0
4,7,1289,0.312,0.146,0.027,5.4
4,8,1468,0.016,-0.011,0.025,0.5
4,9,2358,0.41,0.213,0.02,10.5
4,11,1324,0.049,0.085,0.029,2.9
4,13,1909,-0.081,-0.086,0.024,3.6
4,17,415,-0.061,-0.095,0.046,2.0
4,19,937,-0.179,-0.088,0.035,2.5
4,20,919,-0.098,-0.102,0.031,3.3
4,29,1337,-0.314,-0.163,0.027,6.1
4,36,839,0.19,0.127,0.035,3.6
4,39,559,0.014,-0.001,0.042,0.0
4,42,591,-0.178,-0.129,0.04,3.2
4,48,898,-0.074,0.003,0.033,0.1
4,51,449,-0.087,-0.051,0.047,1.1
4,53,772,-0.268,-0.17,0.037,4.6
4,55,1433,0.051,0.039,0.026,1.5
4,62,1110,0.136,0.038,0.029,1.3
4,63,1103,0.034,-0.034,0.033,1.1
4,67,1418,0.209,0.087,0.029,3.1
4,73,528,0.31,0.136,0.043,3.2
4,77,1185,0.143,-0.001,0.029,0.0
4,79,1926,-0.153,-0.067,0.021,3.2
4,81,562,0.129,0.075,0.043,1.8
4,83,1604,0.262,0.131,0.024,5.5
4,85,628,0.223,0.148,0.036,4.2
4,90,762,0.024,-0.005,0.036,0.1
4,92,904,0.074,0.03,0.033,0.9
4,93,911,0.105,-0.006,0.035,0.2
4,96,631,-0.139,-0.072,0.039,1.9
6,7,525,-0.462,-0.254,0.041,6.2
6,8,652,0.1,0.106,0.04,2.7
6,9,930,-0.607,-0.472,0.033,14.3
6,11,603,-0.099,-0.116,0.042,2.8
6,13,730,-0.04,-0.024,0.035,0.7
6,29,585,0.349,0.237,0.045,5.3
6,48,431,0.099,0.062,0.045,1.4
6,55,549,-0.118,-0.105,0.044,2.4
6,62,468,-0.061,-0.024,0.045,0.5
6,67,597,-0.159,-0.054,0.039,1.4
6,77,435,-0.175,-0.083,0.047,1.7
6,79,703,0.141,0.082,0.037,2.2
6,83,561,-0.497,-0.263,0.044,5.9
7,8,865,0.215,0.229,0.035,6.5
7,9,1025,0.588,0.349,0.03,11.6
7,11,690,-0.364,-0.349,0.033,10.7
7,13,949,-0.036,-0.035,0.033,1.1
7,19,477,-0.274,-0.164,0.045,3.6
7,20,474,0.032,0.029,0.043,0.7
7,29,620,-0.474,-0.24,0.04,6.0
7,36,511,0.172,0.104,0.042,2.5
7,48,509,-0.136,-0.015,0.041,0.4
7,55,741,0.062,0.015,0.033,0.5
7,62,605,0.16,-0.01,0.043,0.2
7,63,545,0.029,-0.036,0.037,1.0
7,67,753,0.188,-0.022,0.037,0.6
7,77,573,0.203,-0.002,0.041,0.1
7,79,916,-0.157,-0.032,0.032,1.0
7,83,1138,0.858,0.783,0.032,24.7
7,92,462,0.001,-0.119,0.048,2.5
7,93,458,0.218,0.03,0.049,0.6
8,9,1225,-0.002,-0.034,0.028,1.2
8,11,769,-0.383,-0.374,0.04,9.3
8,13,1085,-0.035,-0.029,0.029,1.0
8,19,491,-0.037,0.015,0.048,0.3
8,20,498,0.084,0.074,0.044,1.7
8,29,768,-0.088,-0.074,0.036,2.0
8,36,529,0.035,0.052,0.039,1.3
8,48,589,-0.012,-0.011,0.039,0.3
8,53,440,-0.096,-0.058,0.048,1.2
8,55,881,-0.131,-0.124,0.034,3.6
8,62,681,-0.055,-0.087,0.038,2.3
8,63,611,0.002,0.004,0.039,0.1
8,67,860,0.014,-0.017,0.035,0.5
8,77,637,0.014,-0.004,0.039,0.1
8,79,1049,-0.014,-0.003,0.03,0.1
8,83,956,0.206,0.198,0.033,6.0
8,90,444,0.08,0.074,0.048,1.5
8,92,546,-0.164,-0.171,0.042,4.1
8,93,512,-0.043,-0.057,0.044,1.3
9,11,1051,0.035,0.077,0.03,2.6
9,13,1574,0.048,0.025,0.026,1.0
9,19,804,-0.193,-0.06,0.035,1.7
9,20,765,-0.039,-0.064,0.036,1.8
9,29,1161,-0.451,-0.241,0.027,9.0
9,36,694,0.186,0.075,0.036,2.1
9,39,452,0.024,0.003,0.05,0.1
9,42,460,-0.09,-0.01,0.044,0.2
9,48,723,-0.193,-0.076,0.034,2.2
9,53,664,-0.261,-0.136,0.039,3.5
9,55,1167,0.072,0.049,0.029,1.7
9,62,846,0.218,0.103,0.032,3.2
9,63,909,0.091,-0.0,0.032,0.0
9,67,1120,0.271,0.095,0.03,3.1
9,73,429,0.434,0.185,0.047,3.9
9,77,1022,0.356,0.207,0.033,6.4
9,79,1626,-0.173,-0.042,0.024,1.7
9,81,485,0.154,0.064,0.044,1.5
9,83,1253,0.651,0.397,0.028,14.1
9,85,526,0.194,0.108,0.044,2.5
9,90,613,0.081,0.023,0.036,0.6
9,92,710,0.099,0.011,0.038,0.3
9,93,766,0.299,0.18,0.035,5.1
9,96,531,-0.165,-0.087,0.043,2.0
11,13,871,-0.023,-0.03,0.035,0.9
11,19,400,-0.002,-0.048,0.052,0.9
11,29,607,0.118,0.104,0.038,2.7
11,36,415,-0.025,-0.033,0.053,0.6
11,48,482,-0.018,-0.036,0.047,0.8
11,55,667,0.05,0.058,0.039,1.5
11,62,686,0.11,0.145,0.037,3.9
11,63,464,-0.065,-0.057,0.049,1.1
11,67,772,-0.07,-0.025,0.038,0.7
11,77,490,-0.019,-0.004,0.049,0.1
11,79,804,0.018,0.006,0.034,0.2
11,83,820,-0.398,-0.385,0.037,10.5
11,92,480,0.05,0.064,0.042,1.5
11,93,491,0.031,0.061,0.044,1.4
13,17,929,0.078,0.072,0.034,2.1
13,19,2689,0.096,0.109,0.02,5.5
13,20,3103,0.056,0.054,0.016,3.3
13,29,3522,-0.109,-0.101,0.017,5.8
13,36,2236,-0.149,-0.155,0.021,7.4
13,39,1158,-0.102,-0.091,0.03,3.0
13,42,1146,0.104,0.092,0.029,3.2
13,48,2186,-0.079,-0.074,0.02,3.8
13,51,845,-0.008,-0.011,0.034,0.3
13,53,1983,-0.019,-0.003,0.021,0.2
13,55,4323,-0.148,-0.162,0.015,11.1
13,62,2693,-0.191,-0.192,0.019,9.8
13,63,3843,0.232,0.213,0.016,13.1
13,67,4173,0.057,0.042,0.016,2.7
13,73,1690,0.029,-0.005,0.024,0.2
13,77,3723,0.234,0.203,0.016,12.7
13,79,5824,0.092,0.114,0.013,8.8
13,81,1369,-0.201,-0.216,0.023,9.3
13,83,1144,0.003,0.002,0.031,0.1
13,85,1380,-0.012,-0.001,0.029,0.0
13,90,2058,-0.057,-0.058,0.025,2.4
13,91,863,-0.058,-0.047,0.033,1.4
13,92,2562,0.217,0.208,0.019,10.9
13,93,2246,0.125,0.118,0.021,5.5
13,95,856,0.205,0.202,0.033,6.2
13,96,1515,0.119,0.119,0.026,4.6
17,19,834,-0.062,-0.061,0.034,1.8
17,20,811,0.001,0.004,0.031,0.1
17,29,691,-0.102,-0.068,0.04,1.7
17,36,427,0.014,-0.014,0.046,0.3
17,39,499,0.13,0.123,0.046,2.7
17,42,414,0.071,0.096,0.053,1.8
17,48,556,-0.087,-0.063,0.042,1.5
17,53,722,-0.049,-0.044,0.038,1.2
17,55,591,-0.041,-0.061,0.042,1.5
17,62,546,0.078,0.048,0.044,1.1
17,63,953,0.14,0.139,0.034,4.1
17,67,696,0.086,0.055,0.036,1.5
17,73,718,0.06,0.02,0.038,0.5
17,77,990,0.125,0.102,0.03,3.4
17,79,915,-0.085,-0.058,0.031,1.9
19,20,2107,-0.035,-0.031,0.022,1.4
19,29,1827,0.149,0.071,0.024,3.0
19,36,967,-0.216,-0.18,0.031,5.7
19,39,590,-0.184,-0.153,0.04,3.8
19,42,613,0.035,0.01,0.035,0.3
19,48,1008,-0.084,-0.111,0.033,3.4
19,51,534,0.075,0.037,0.04,0.9
19,53,1512,0.155,0.105,0.025,4.1
19,55,1720,-0.07,-0.086,0.023,3.8
19,62,1144,-0.311,-0.252,0.031,8.1
19,63,2586,-0.026,0.007,0.019,0.4
19,67,1866,-0.096,-0.037,0.023,1.6
19,73,1435,-0.147,-0.051,0.029,1.8
19,77,2703,0.095,0.175,0.017,10.0
19,79,2773,0.074,0.025,0.02,1.3
19,81,945,-0.159,-0.134,0.035,3.9
19,83,574,-0.277,-0.198,0.042,4.7
20,29,1919,-0.014,-0.021,0.023,0.9
20,36,1227,0.025,0.019,0.029,0.7
20,39,583,0.028,0.02,0.04,0.5
20,42,650,-0.056,-0.06,0.039,1.6
20,48,988,0.107,0.091,0.033,2.8
20,51,431,0.073,0.073,0.052,1.4
20,53,1757,0.039,0.032,0.024,1.3
20,55,1864,0.014,0.005,0.022,0.2
20,62,1008,0.016,0.008,0.032,0.2
20,63,3035,0.137,0.136,0.019,7.3
20,67,1736,0.039,0.047,0.024,1.9
20,73,1573,0.023,0.02,0.026,0.8
20,77,3007,0.044,0.042,0.019,2.1
20,79,3484,0.018,0.024,0.015,1.6
20,81,1082,-0.04,-0.037,0.032,1.2
20,83,560,-0.01,-0.014,0.046,0.3
29,36,1415,-0.115,-0.031,0.028,1.1
29,39,921,-0.063,-0.031,0.033,0.9
29,42,890,-0.121,-0.144,0.031,4.6
29,48,1543,0.183,0.106,0.024,4.4
29,51,656,0.077,0.011,0.04,0.3
29,53,1549,0.403,0.335,0.026,13.0
29,55,2226,-0.005,0.02,0.022,0.9
29,62,1565,-0.136,-0.043,0.024,1.8
29,63,2085,-0.138,-0.082,0.021,3.8
29,67,2494,-0.246,-0.154,0.02,7.6
29,73,1212,-0.45,-0.269,0.032,8.4
29,77,2067,-0.307,-0.145,0.022,6.7
29,79,3605,0.172,0.066,0.016,4.2
29,81,813,-0.164,-0.088,0.033,2.6
29,83,717,-0.515,-0.285,0.037,7.6
29,85,1142,-0.296,-0.253,0.031,8.2
29,90,1353,-0.067,-0.046,0.028,1.7
29,91,693,-0.336,-0.203,0.037,5.4
29,92,1462,-0.112,-0.079,0.024,3.3
29,93,1321,-0.261,-0.154,0.026,5.9
29,95,512,0.108,0.039,0.044,0.9
29,96,1112,0.055,-0.003,0.028,0.1
36,39,591,0.005,-0.015,0.042,0.4
36,42,589,-0.072,-0.07,0.037,1.9
36,48,1045,-0.036,0.021,0.032,0.7
36,51,404,0.047,0.075,0.048,1.6
36,53,804,-0.102,-0.064,0.034,1.9
36,55,1668,0.205,0.199,0.025,8.1
36,62,1057,0.154,0.128,0.03,4.3
36,63,1295,0.059,0.031,0.027,1.1
36,67,1489,-0.006,-0.053,0.027,2.0
36,73,745,0.231,0.16,0.035,4.6
36,77,1359,-0.064,-0.125,0.026,4.9
36,79,1983,-0.131,-0.101,0.023,4.4
36,81,613,0.274,0.243,0.038,6.4
36,83,546,0.19,0.096,0.042,2.3
36,85,556,0.067,0.038,0.041,0.9
36,90,821,0.021,0.017,0.034,0.5
36,91,403,0.18,0.101,0.048,2.1
36,92,891,0.082,0.062,0.036,1.7
36,93,859,-0.088,-0.12,0.031,3.9
36,96,541,-0.106,-0.085,0.043,2.0
39,42,757,-0.214,-0.2,0.038,5.2
39,48,887,-0.057,-0.049,0.034,1.5
39,51,524,-0.087,-0.066,0.046,1.4
39,53,494,-0.112,-0.093,0.044,2.1
39,55,728,-0.03,-0.016,0.038,0.4
39,62,673,0.256,0.203,0.04,5.1
39,63,686,-0.108,-0.127,0.039,3.2
39,67,965,0.112,0.081,0.032,2.5
39,73,647,0.162,0.172,0.044,3.9
39,77,694,0.019,-0.01,0.035,0.3
39,79,1086,-0.097,-0.083,0.031,2.7
39,85,430,0.166,0.149,0.047,3.2
39,90,483,0.095,0.089,0.044,2.0
39,91,463,0.25,0.258,0.053,4.9
39,92,554,-0.036,-0.054,0.043,1.3
39,93,522,0.09,0.071,0.043,1.7
39,96,405,-0.189,-0.15,0.052,2.9
42,48,738,-0.076,-0.08,0.04,2.0
42,51,467,0.104,0.109,0.045,2.4
42,53,508,-0.03,-0.053,0.043,1.2
42,55,756,-0.051,-0.065,0.036,1.8
42,62,632,-0.264,-0.257,0.041,6.3
42,63,720,0.045,0.052,0.035,1.5
42,67,902,-0.075,-0.064,0.035,1.8
42,73,751,-0.146,-0.147,0.036,4.1
42,77,713,-0.006,-0.001,0.036,0.0
42,79,1168,0.055,0.039,0.029,1.3
42,90,460,0.131,0.137,0.045,3.1
42,91,447,-0.132,-0.137,0.049,2.8
42,92,479,-0.021,-0.009,0.05,0.2
42,93,428,-0.003,0.015,0.045,0.3
48,51,613,-0.032,-0.049,0.038,1.3
48,53,822,0.053,0.002,0.039,0.1
48,55,1490,0.1,0.12,0.025,4.7
48,62,1237,-0.117,-0.075,0.026,2.9
48,63,1268,-0.149,-0.117,0.026,4.5
48,67,1931,-0.209,-0.164,0.023,7.1
48,73,766,-0.136,-0.053,0.035,1.5
48,77,1163,-0.156,-0.093,0.031,3.0
48,79,1988,0.177,0.115,0.024,4.9
48,81,570,-0.075,-0.051,0.04,1.3
48,83,561,-0.179,-0.051,0.043,1.2
48,85,641,0.014,0.048,0.038,1.3
48,90,830,-0.064,-0.04,0.032,1.2
48,91,531,-0.115,0.002,0.038,0.0
48,92,1009,-0.239,-0.195,0.031,6.4
48,93,856,-0.221,-0.143,0.034,4.2
48,95,400,0.063,0.047,0.048,1.0
48,96,718,-0.04,-0.084,0.039,2.1
51,55,545,0.009,-0.001,0.045,0.0
51,62,521,-0.123,-0.079,0.044,1.8
51,63,531,0.1,0.111,0.041,2.7
51,67,878,-0.068,-0.041,0.035,1.2
51,73,541,-0.082,-0.072,0.041,1.7
51,77,570,-0.05,-0.028,0.041,0.7
51,79,825,0.023,-0.004,0.032,0.1
53,55,1264,0.016,0.017,0.028,0.6
53,62,836,-0.048,0.008,0.035,0.2
53,63,1923,0.007,0.038,0.021,1.8
53,67,1261,-0.154,-0.098,0.027,3.6
53,73,994,-0.279,-0.191,0.031,6.2
53,77,1886,-0.095,-0.003,0.026,0.1
53,79,2095,0.073,0.017,0.021,0.8
53,81,748,-0.051,0.01,0.035,0.3
53,83,407,-0.311,-0.188,0.05,3.7
55,62,2014,0.039,0.056,0.022,2.5
55,63,2598,-0.057,-0.064,0.019,3.3
55,67,2868,-0.051,-0.063,0.019,3.4
55,73,1104,0.085,0.053,0.029,1.8
55,77,2392,-0.107,-0.098,0.022,4.5
55,79,3566,-0.041,-0.034,0.017,2.0
55,81,1019,0.09,0.089,0.031,2.8
55,83,888,0.051,0.052,0.034,1.5
55,85,877,0.007,0.014,0.032,0.4
55,90,1242,0.034,0.033,0.029,1.2
55,91,549,0.038,0.026,0.046,0.6
55,92,1656,-0.058,-0.064,0.025,2.6
55,93,1429,-0.114,-0.114,0.027,4.2
55,95,603,-0.069,-0.086,0.04,2.1
55,96,973,0.03,0.03,0.032,0.9
62,63,1498,-0.068,-0.112,0.024,4.7
62,67,2199,0.169,0.11,0.022,5.1
62,73,677,0.092,0.02,0.036,0.6
62,77,1289,0.137,0.063,0.028,2.2
62,79,2130,-0.094,-0.058,0.021,2.8
62,81,580,0.307,0.286,0.047,6.1
62,83,716,0.205,0.008,0.037,0.2
62,85,787,-0.041,-0.082,0.034,2.4
62,90,903,0.031,0.019,0.035,0.5
62,91,433,0.164,0.074,0.049,1.5
62,92,1295,0.085,0.038,0.026,1.5
62,93,1080,0.222,0.132,0.029,4.5
62,95,456,-0.347,-0.323,0.045,7.1
62,96,915,-0.491,-0.439,0.033,13.4
63,67,2407,0.183,0.141,0.021,6.8
63,73,1691,0.169,0.103,0.027,3.9
63,77,3385,0.155,0.112,0.017,6.6
63,79,3575,-0.015,0.012,0.016,0.8
63,81,1288,0.025,0.007,0.027,0.2
63,83,653,0.106,0.045,0.04,1.1
67,73,1243,0.231,0.118,0.028,4.2
67,77,2134,0.182,0.106,0.022,4.8
67,79,3539,-0.089,-0.033,0.017,1.9
67,81,913,0.082,0.061,0.032,1.9
67,83,911,0.238,0.041,0.036,1.1
67,85,977,0.094,0.048,0.032,1.5
67,90,1328,-0.024,-0.053,0.026,2.0
67,91,717,0.199,0.077,0.039,2.0
67,92,1816,0.224,0.181,0.023,7.9
67,93,1442,0.21,0.125,0.025,5.0
67,95,612,-0.056,-0.02,0.038,0.5
67,96,1222,-0.099,-0.035,0.03,1.2
73,77,1649,0.212,0.077,0.024,3.3
73,79,1780,-0.2,-0.112,0.021,5.4
73,81,680,0.254,0.204,0.039,5.3
77,79,3646,-0.017,0.041,0.016,2.6
77,81,1364,0.08,0.031,0.028,1.1
77,83,709,0.314,0.114,0.036,3.2
79,81,1277,-0.146,-0.12,0.029,4.1
79,83,1129,-0.166,-0.051,0.03,1.7
79,85,1353,-0.054,-0.014,0.027,0.5
79,90,2088,-0.043,-0.035,0.024,1.5
79,91,844,-0.169,-0.081,0.035,2.3
79,92,2105,-0.082,-0.057,0.022,2.7
79,93,1988,-0.067,-0.006,0.024,0.2
79,95,741,0.113,0.109,0.037,3.0
79,96,1453,0.058,0.017,0.025,0.7
83,90,433,0.088,0.064,0.052,1.2
83,92,553,0.002,-0.134,0.044,3.1
83,93,546,0.247,0.034,0.044,0.8
83,96,401,-0.142,0.003,0.051,0.1
85,90,1332,0.057,0.039,0.026,1.5
85,91,609,0.181,0.103,0.039,2.6
85,92,1490,-0.104,-0.131,0.024,5.4
85,93,1338,0.044,-0.024,0.027,0.9
85,95,524,0.028,0.059,0.044,1.4
85,96,1024,-0.085,-0.029,0.03,1.0
90,91,890,0.045,0.023,0.034,0.7
90,92,2222,-0.134,-0.145,0.02,7.2
90,93,1927,-0.03,-0.049,0.024,2.1
90,95,710,-0.116,-0.104,0.038,2.8
90,96,1270,-0.021,-0.004,0.03,0.1
91,92,944,0.077,-0.002,0.032,0.1
91,93,863,0.184,0.055,0.037,1.5
91,96,672,-0.108,-0.058,0.04,1.5
92,93,2187,0.243,0.198,0.022,9.0
92,95,833,-0.003,0.012,0.034,0.4
92,96,1594,-0.053,-0.025,0.025,1.0
93,95,859,-0.074,-0.027,0.033,0.8
93,96,1591,0.008,0.067,0.024,2.8
95,96,543,0.154,0.129,0.043,3.0
