entry,in_ledger,round,scan,source,why,files
11,True,-,-,null_零臂,"条目不陈述精度,且拿不出来源 —— 保守判为零臂","README.md,README_zh.md"
15,True,-,-,null_零臂,"条目不陈述精度,且拿不出来源 —— 保守判为零臂","README.md,README_zh.md"
20,True,E01·A02·R002,UNVERIFIED,null_零臂,"条目不陈述精度,且拿不出来源 —— 保守判为零臂","README.md,README_zh.md"
26,True,E01·A01·R001,UNVERIFIED,null_零臂,"条目不陈述精度,且拿不出来源 —— 保守判为零臂","README.md,README_zh.md"
59,True,E01·A01·R001,UNVERIFIED,null_零臂,"条目不陈述精度,且拿不出来源 —— 保守判为零臂","README.md,README_zh.md"
60,True,E01·A01·R001,UNVERIFIED,null_零臂,"条目不陈述精度,且拿不出来源 —— 保守判为零臂","README.md,README_zh.md"
63,True,E01·A01·R001,UNVERIFIED,已陈述精度,条目正文带 ± / ×自身展布 / 区间,"README.md,README_zh.md"
64,True,E01·A01·R001,UNVERIFIED,null_零臂,"条目不陈述精度,且拿不出来源 —— 保守判为零臂","README.md,README_zh.md"
67,True,E01·A02·R002,UNVERIFIED,已陈述精度,条目正文带 ± / ×自身展布 / 区间,"README.md,README_zh.md"
69,True,E01·A03·R003,UNVERIFIED,已陈述精度,条目正文带 ± / ×自身展布 / 区间,"README.md,README_zh.md"
70,True,E01·A03·R003,UNVERIFIED,已陈述精度,条目正文带 ± / ×自身展布 / 区间,"README.md,README_zh.md"
75,True,E01·A01·R001,UNVERIFIED,已陈述精度,条目正文带 ± / ×自身展布 / 区间,"README.md,README_zh.md"
82,True,E01·A03·R003,UNVERIFIED,null_零臂,"条目不陈述精度,且拿不出来源 —— 保守判为零臂","README.md,README_zh.md"
86,True,E01·A01·R001,UNVERIFIED,已陈述精度,条目正文带 ± / ×自身展布 / 区间,"README.md,README_zh.md"
87,True,E01·A03·R003,UNVERIFIED,null_零臂,"条目不陈述精度,且拿不出来源 —— 保守判为零臂","README.md,README_zh.md"
88,True,E01·A03·R003,UNVERIFIED,已陈述精度,条目正文带 ± / ×自身展布 / 区间,"README.md,README_zh.md"
89,True,E01·A03·R003,UNVERIFIED,null_零臂,"条目不陈述精度,且拿不出来源 —— 保守判为零臂","README.md,README_zh.md"
90,True,E01·A03·R003,UNVERIFIED,已陈述精度,条目正文带 ± / ×自身展布 / 区间,"README.md,README_zh.md"
91,True,E01·A03·R003,UNVERIFIED,已陈述精度,条目正文带 ± / ×自身展布 / 区间,"README.md,README_zh.md"
99,True,E01·A03·R003,UNVERIFIED,已陈述精度,条目正文带 ± / ×自身展布 / 区间,"README.md,README_zh.md"
100,True,E01·A03·R003,UNVERIFIED,已陈述精度,条目正文带 ± / ×自身展布 / 区间,"README.md,README_zh.md"
101,True,E01·A03·R003,UNVERIFIED,null_零臂,"条目不陈述精度,且拿不出来源 —— 保守判为零臂","README.md,README_zh.md"
102,True,E01·A03·R003,UNVERIFIED,null_零臂,"条目不陈述精度,且拿不出来源 —— 保守判为零臂","README.md,README_zh.md"
104,True,E01·A03·R003,UNVERIFIED,已陈述精度,条目正文带 ± / ×自身展布 / 区间,"README.md,README_zh.md"
105,True,E01·A03·R003,UNVERIFIED,已陈述精度,条目正文带 ± / ×自身展布 / 区间,"README.md,README_zh.md"
107,True,E01·A03·R003,UNVERIFIED,已陈述精度,条目正文带 ± / ×自身展布 / 区间,"README.md,README_zh.md"
110,True,E01·A03·R003,UNVERIFIED,已陈述精度,条目正文带 ± / ×自身展布 / 区间,"README.md,README_zh.md"
111,True,E01·A03·R003,UNVERIFIED,null_零臂,"条目不陈述精度,且拿不出来源 —— 保守判为零臂","README.md,README_zh.md"
114,True,E01·A03·R003,UNVERIFIED,已陈述精度,条目正文带 ± / ×自身展布 / 区间,"README.md,README_zh.md"
115,True,E01·A03·R003,UNVERIFIED,已陈述精度,条目正文带 ± / ×自身展布 / 区间,"README.md,README_zh.md"
116,True,E01·A03·R003,UNVERIFIED,已陈述精度,条目正文带 ± / ×自身展布 / 区间,"README.md,README_zh.md"
117,True,E01·A03·R003,UNVERIFIED,已陈述精度,条目正文带 ± / ×自身展布 / 区间,"README.md,README_zh.md"
118,True,E01·A03·R003,UNVERIFIED,已陈述精度,条目正文带 ± / ×自身展布 / 区间,"README.md,README_zh.md"
119,True,E01·A03·R003,UNVERIFIED,已陈述精度,条目正文带 ± / ×自身展布 / 区间,"README.md,README_zh.md"
120,True,E01·A03·R003,UNVERIFIED,已陈述精度,条目正文带 ± / ×自身展布 / 区间,"README.md,README_zh.md"
122,True,E01·A03·R003,UNVERIFIED,null_零臂,"条目不陈述精度,且拿不出来源 —— 保守判为零臂","README.md,README_zh.md"
128,True,E01·A03·R003,UNVERIFIED,已陈述精度,条目正文带 ± / ×自身展布 / 区间,"README.md,README_zh.md"
129,True,E01·A03·R003,UNVERIFIED,null_零臂,"条目不陈述精度,且拿不出来源 —— 保守判为零臂","README.md,README_zh.md"
130,True,E01·A03·R003,UNVERIFIED,null_零臂,"条目不陈述精度,且拿不出来源 —— 保守判为零臂","README.md,README_zh.md"
131,True,E01·A03·R003,UNVERIFIED,已陈述精度,条目正文带 ± / ×自身展布 / 区间,"README.md,README_zh.md"
132,True,E01·A03·R003,UNVERIFIED,已陈述精度,条目正文带 ± / ×自身展布 / 区间,"README.md,README_zh.md"
133,True,E01·A03·R003,UNVERIFIED,已陈述精度,条目正文带 ± / ×自身展布 / 区间,"README.md,README_zh.md"
134,True,E01·A03·R003,UNVERIFIED,null_零臂,"条目不陈述精度,且拿不出来源 —— 保守判为零臂","README.md,README_zh.md"
135,True,E01·A03·R003,UNVERIFIED,null_零臂,"条目不陈述精度,且拿不出来源 —— 保守判为零臂","README.md,README_zh.md"
136,True,E01·A03·R003,UNVERIFIED,null_零臂,"条目不陈述精度,且拿不出来源 —— 保守判为零臂","README.md,README_zh.md"
137,True,E01·A03·R003,UNVERIFIED,null_零臂,"条目不陈述精度,且拿不出来源 —— 保守判为零臂","README.md,README_zh.md"
138,True,E01·A03·R003,UNVERIFIED,null_零臂,"条目不陈述精度,且拿不出来源 —— 保守判为零臂","README.md,README_zh.md"
139,True,E01·A03·R003,UNVERIFIED,null_零臂,"条目不陈述精度,且拿不出来源 —— 保守判为零臂","README.md,README_zh.md"
140,True,E01·A03·R003,UNVERIFIED,null_零臂,"条目不陈述精度,且拿不出来源 —— 保守判为零臂","README.md,README_zh.md"
141,True,E01·A03·R003,UNVERIFIED,已陈述精度,条目正文带 ± / ×自身展布 / 区间,"README.md,README_zh.md"
142,True,E01·A03·R003,UNVERIFIED,null_零臂,"条目不陈述精度,且拿不出来源 —— 保守判为零臂","README.md,README_zh.md"
143,True,E01·A03·R003,UNVERIFIED,null_零臂,"条目不陈述精度,且拿不出来源 —— 保守判为零臂","README.md,README_zh.md"
144,True,E01·A03·R003,UNVERIFIED,null_零臂,"条目不陈述精度,且拿不出来源 —— 保守判为零臂",README_zh.md
146,True,E01·A03·R003,UNVERIFIED,已陈述精度,条目正文带 ± / ×自身展布 / 区间,"README.md,README_zh.md"
147,True,E01·A03·R003,UNVERIFIED,null_零臂,"条目不陈述精度,且拿不出来源 —— 保守判为零臂","README.md,README_zh.md"
148,True,E01·A03·R003,UNVERIFIED,null_零臂,"条目不陈述精度,且拿不出来源 —— 保守判为零臂","README.md,README_zh.md"
149,True,E01·A03·R003,UNVERIFIED,null_零臂,"条目不陈述精度,且拿不出来源 —— 保守判为零臂","README.md,README_zh.md"
150,True,E01·A03·R003,UNVERIFIED,null_零臂,"条目不陈述精度,且拿不出来源 —— 保守判为零臂","README.md,README_zh.md"
151,True,E01·A03·R003,UNVERIFIED,null_零臂,"条目不陈述精度,且拿不出来源 —— 保守判为零臂","README.md,README_zh.md"
152,True,E01·A03·R003,UNVERIFIED,null_零臂,"条目不陈述精度,且拿不出来源 —— 保守判为零臂","README.md,README_zh.md"
153,True,E01·A03·R003,UNVERIFIED,已陈述精度,条目正文带 ± / ×自身展布 / 区间,"README.md,README_zh.md"
154,True,E01·A03·R003,UNVERIFIED,null_零臂,"条目不陈述精度,且拿不出来源 —— 保守判为零臂","README.md,README_zh.md"
157,True,E01·A03·R003,UNVERIFIED,已陈述精度,条目正文带 ± / ×自身展布 / 区间,"README.md,README_zh.md"
159,True,E01·A03·R003,UNVERIFIED,null_零臂,"条目不陈述精度,且拿不出来源 —— 保守判为零臂","README.md,README_zh.md"
160,True,E01·A03·R003,UNVERIFIED,已陈述精度,条目正文带 ± / ×自身展布 / 区间,"README.md,README_zh.md"
161,True,E01·A03·R003,UNVERIFIED,已陈述精度,条目正文带 ± / ×自身展布 / 区间,"README.md,README_zh.md"
162,True,E01·A03·R003,UNVERIFIED,已陈述精度,条目正文带 ± / ×自身展布 / 区间,"README.md,README_zh.md"
163,True,E01·A03·R003,UNVERIFIED,已陈述精度,条目正文带 ± / ×自身展布 / 区间,"README.md,README_zh.md"
164,True,E01·A03·R003,UNVERIFIED,已陈述精度,条目正文带 ± / ×自身展布 / 区间,"README.md,README_zh.md"
165,True,E01·A03·R003,UNVERIFIED,已陈述精度,条目正文带 ± / ×自身展布 / 区间,"README.md,README_zh.md"
167,True,E01·A04·R004,UNVERIFIED,已陈述精度,条目正文带 ± / ×自身展布 / 区间,"README.md,README_zh.md"
168,True,E01·A04·R004,UNVERIFIED,已陈述精度,条目正文带 ± / ×自身展布 / 区间,"README.md,README_zh.md"
169,True,E01·A04·R004,UNVERIFIED,null_零臂,"条目不陈述精度,且拿不出来源 —— 保守判为零臂","README.md,README_zh.md"
179,True,E01·A05·R005,UNVERIFIED,已陈述精度,条目正文带 ± / ×自身展布 / 区间,"README.md,README_zh.md"
184,True,E01·A05·R005,UNVERIFIED,已陈述精度,条目正文带 ± / ×自身展布 / 区间,"README.md,README_zh.md"
186,True,E01·A05·R005,UNVERIFIED,null_零臂,"条目不陈述精度,且拿不出来源 —— 保守判为零臂","README.md,README_zh.md"
188,True,E01·A05·R005,UNVERIFIED,null_零臂,"条目不陈述精度,且拿不出来源 —— 保守判为零臂","README.md,README_zh.md"
189,True,E01·A05·R005,UNVERIFIED,已陈述精度,条目正文带 ± / ×自身展布 / 区间,"README.md,README_zh.md"
192,True,E01·A05·R005,UNVERIFIED,已陈述精度,条目正文带 ± / ×自身展布 / 区间,"README.md,README_zh.md"
201,True,E01·A05·R005,UNVERIFIED,已陈述精度,条目正文带 ± / ×自身展布 / 区间,"README.md,README_zh.md"
202,True,E01·A05·R005,UNVERIFIED,已陈述精度,条目正文带 ± / ×自身展布 / 区间,"README.md,README_zh.md"
211,True,E01·A05·R005,UNVERIFIED,null_零臂,"条目不陈述精度,且拿不出来源 —— 保守判为零臂","README.md,README_zh.md"
212,True,E01·A05·R005,UNVERIFIED,null_零臂,"条目不陈述精度,且拿不出来源 —— 保守判为零臂","README.md,README_zh.md"
213,True,E01·A05·R005,UNVERIFIED,null_零臂,"条目不陈述精度,且拿不出来源 —— 保守判为零臂","README.md,README_zh.md"
218,True,E01·A05·R005,UNVERIFIED,已陈述精度,条目正文带 ± / ×自身展布 / 区间,"README.md,README_zh.md"
227,True,E01·A06·R006,UNVERIFIED,null_零臂,"条目不陈述精度,且拿不出来源 —— 保守判为零臂","README.md,README_zh.md"
228,True,E01·A06·R007,UNVERIFIED,已陈述精度,条目正文带 ± / ×自身展布 / 区间,"README.md,README_zh.md"
229,True,E01·A06·R008,UNVERIFIED,已陈述精度,条目正文带 ± / ×自身展布 / 区间,"README.md,README_zh.md"
230,True,E01·A06·R006,UNVERIFIED,已陈述精度,条目正文带 ± / ×自身展布 / 区间,"README.md,README_zh.md"
231,True,E01·A06·R006,UNVERIFIED,已陈述精度,条目正文带 ± / ×自身展布 / 区间,"README.md,README_zh.md"
232,True,E01·A06·R008,UNVERIFIED,已陈述精度,条目正文带 ± / ×自身展布 / 区间,"README.md,README_zh.md"
233,True,E01·A06·R009,UNVERIFIED,已陈述精度,条目正文带 ± / ×自身展布 / 区间,"README.md,README_zh.md"
234,True,E01·A06·R008,UNVERIFIED,已陈述精度,条目正文带 ± / ×自身展布 / 区间,"README.md,README_zh.md"
235,True,E01·A06·R006,UNVERIFIED,已陈述精度,条目正文带 ± / ×自身展布 / 区间,"README.md,README_zh.md"
236,True,E01·A06·R006,UNVERIFIED,已陈述精度,条目正文带 ± / ×自身展布 / 区间,"README.md,README_zh.md"
237,True,E01·A06·R006,UNVERIFIED,null_零臂,"条目不陈述精度,且拿不出来源 —— 保守判为零臂","README.md,README_zh.md"
238,True,E01·A06·R006,UNVERIFIED,已陈述精度,条目正文带 ± / ×自身展布 / 区间,"README.md,README_zh.md"
239,True,E01·A06·R006,UNVERIFIED,已陈述精度,条目正文带 ± / ×自身展布 / 区间,"README.md,README_zh.md"
241,True,E01·A06·R006,UNVERIFIED,已陈述精度,条目正文带 ± / ×自身展布 / 区间,"README.md,README_zh.md"
243,True,E01·A06·R006,UNVERIFIED,已陈述精度,条目正文带 ± / ×自身展布 / 区间,"README.md,README_zh.md"
245,True,E01·A06·R006,UNVERIFIED,已陈述精度,条目正文带 ± / ×自身展布 / 区间,"README.md,README_zh.md"
247,True,E01·A06·R006,UNVERIFIED,已陈述精度,条目正文带 ± / ×自身展布 / 区间,"README.md,README_zh.md"
251,True,E01·A06·R010,UNVERIFIED,null_零臂,"条目不陈述精度,且拿不出来源 —— 保守判为零臂","README.md,README_zh.md"
252,True,E01·A06·R007,UNVERIFIED,已陈述精度,条目正文带 ± / ×自身展布 / 区间,"README.md,README_zh.md"
254,True,E01·A06·R007,UNVERIFIED,已陈述精度,条目正文带 ± / ×自身展布 / 区间,"README.md,README_zh.md"
255,True,E01·A06·R007,UNVERIFIED,已陈述精度,条目正文带 ± / ×自身展布 / 区间,"README.md,README_zh.md"
257,True,E01·A06·R007,UNVERIFIED,已陈述精度,条目正文带 ± / ×自身展布 / 区间,"README.md,README_zh.md"
258,True,E01·A06·R007,UNVERIFIED,已陈述精度,条目正文带 ± / ×自身展布 / 区间,"README.md,README_zh.md"
259,True,E01·A06·R007,UNVERIFIED,已陈述精度,条目正文带 ± / ×自身展布 / 区间,"README.md,README_zh.md"
264,True,E01·A06·R011,UNVERIFIED,已陈述精度,条目正文带 ± / ×自身展布 / 区间,"README.md,README_zh.md"
270,True,E01·A07·R012,UNVERIFIED,已陈述精度,条目正文带 ± / ×自身展布 / 区间,"README.md,README_zh.md"
271,True,E01·A07·R012,UNVERIFIED,null_零臂,"条目不陈述精度,且拿不出来源 —— 保守判为零臂","README.md,README_zh.md"
277,True,E01·A07·R013,UNVERIFIED,已陈述精度,条目正文带 ± / ×自身展布 / 区间,"README.md,README_zh.md"
278,True,E01·A07·R013,UNVERIFIED,已陈述精度,条目正文带 ± / ×自身展布 / 区间,"README.md,README_zh.md"
283,True,E01·A07·R013,UNVERIFIED,已陈述精度,条目正文带 ± / ×自身展布 / 区间,"README.md,README_zh.md"
285,True,E01·A07·R014,UNVERIFIED,已陈述精度,条目正文带 ± / ×自身展布 / 区间,"README.md,README_zh.md"
286,True,E01·A07·R014,UNVERIFIED,已陈述精度,条目正文带 ± / ×自身展布 / 区间,"README.md,README_zh.md"
288,True,E01·A07·R014,UNVERIFIED,已陈述精度,条目正文带 ± / ×自身展布 / 区间,"README.md,README_zh.md"
289,True,E01·A07·R013,UNVERIFIED,null_零臂,"条目不陈述精度,且拿不出来源 —— 保守判为零臂","README.md,README_zh.md"
290,True,E01·A07·R015,UNVERIFIED,已陈述精度,条目正文带 ± / ×自身展布 / 区间,"README.md,README_zh.md"
293,True,E01·A07·R014,UNVERIFIED,已陈述精度,条目正文带 ± / ×自身展布 / 区间,"README.md,README_zh.md"
294,True,E01·A07·R014,UNVERIFIED,已陈述精度,条目正文带 ± / ×自身展布 / 区间,"README.md,README_zh.md"
296,True,E01·A07·R014,UNVERIFIED,已陈述精度,条目正文带 ± / ×自身展布 / 区间,"README.md,README_zh.md"
298,True,E01·A07·R014,UNVERIFIED,null_零臂,"条目不陈述精度,且拿不出来源 —— 保守判为零臂","README.md,README_zh.md"
299,True,E01·A07·R014,UNVERIFIED,null_零臂,"条目不陈述精度,且拿不出来源 —— 保守判为零臂","README.md,README_zh.md"
301,True,E01·A07·R016,UNVERIFIED,null_零臂,"条目不陈述精度,且拿不出来源 —— 保守判为零臂","README.md,README_zh.md"
302,True,E01·A07·R016,UNVERIFIED,null_零臂,"条目不陈述精度,且拿不出来源 —— 保守判为零臂","README.md,README_zh.md"
303,True,E01·A07·R014,UNVERIFIED,null_零臂,"条目不陈述精度,且拿不出来源 —— 保守判为零臂","README.md,README_zh.md"
304,True,E01·A07·R014,UNVERIFIED,已陈述精度,条目正文带 ± / ×自身展布 / 区间,"README.md,README_zh.md"
308,True,E01·A07·R014,UNVERIFIED,已陈述精度,条目正文带 ± / ×自身展布 / 区间,"README.md,README_zh.md"
311,True,E01·A07·R014,UNVERIFIED,已陈述精度,条目正文带 ± / ×自身展布 / 区间,"README.md,README_zh.md"
316,True,E01·A07·R013,UNVERIFIED,已陈述精度,条目正文带 ± / ×自身展布 / 区间,"README.md,README_zh.md"
320,True,E01·A07·R013,UNVERIFIED,已陈述精度,条目正文带 ± / ×自身展布 / 区间,"README.md,README_zh.md"
321,True,E01·A07·R017,UNVERIFIED,已陈述精度,条目正文带 ± / ×自身展布 / 区间,"README.md,README_zh.md"
324,True,E01·A07·R014,UNVERIFIED,已陈述精度,条目正文带 ± / ×自身展布 / 区间,"README.md,README_zh.md"
325,True,E01·A07·R018,UNVERIFIED,已陈述精度,条目正文带 ± / ×自身展布 / 区间,"README.md,README_zh.md"
327,True,E01·A07·R014,UNVERIFIED,已陈述精度,条目正文带 ± / ×自身展布 / 区间,"README.md,README_zh.md"
330,True,E01·A07·R014,UNVERIFIED,已陈述精度,条目正文带 ± / ×自身展布 / 区间,"README.md,README_zh.md"
332,True,E01·A07·R014,UNVERIFIED,已陈述精度,条目正文带 ± / ×自身展布 / 区间,"README.md,README_zh.md"
334,True,E01·A08·R019,NO_SPREAD,null_零臂,artifact 里真实臂只有一行,"README.md,README_zh.md"
337,True,E01·A08·R019,NO_SPREAD,已陈述精度,条目正文带 ± / ×自身展布 / 区间,"README.md,README_zh.md"
338,True,E01·A08·R020,UNVERIFIED,已陈述精度,条目正文带 ± / ×自身展布 / 区间,"README.md,README_zh.md"
339,True,E01·A08·R020,UNVERIFIED,已陈述精度,条目正文带 ± / ×自身展布 / 区间,"README.md,README_zh.md"
343,True,E01·A08·R020,UNVERIFIED,已陈述精度,条目正文带 ± / ×自身展布 / 区间,"README.md,README_zh.md"
346,True,E01·A08·R019,NO_SPREAD,已陈述精度,条目正文带 ± / ×自身展布 / 区间,"README.md,README_zh.md"
347,True,E01·A127·R392,-,null_零臂,"条目不陈述精度,且拿不出来源 —— 保守判为零臂","README.md,README_zh.md"
350,True,E01·A08·R019,NO_SPREAD,null_零臂,artifact 里真实臂只有一行,"README.md,README_zh.md"
356,True,E01·A08·R021,UNVERIFIED,已陈述精度,条目正文带 ± / ×自身展布 / 区间,"README.md,README_zh.md"
357,True,E01·A08·R019,NO_SPREAD,null_零臂,artifact 里真实臂只有一行,"README.md,README_zh.md"
358,True,E01·A08·R022,UNVERIFIED,null_零臂,"条目不陈述精度,且拿不出来源 —— 保守判为零臂","README.md,README_zh.md"
360,True,E01·A08·R023,UNVERIFIED,已陈述精度,条目正文带 ± / ×自身展布 / 区间,"README.md,README_zh.md"
363,True,E01·A08·R023,UNVERIFIED,已陈述精度,条目正文带 ± / ×自身展布 / 区间,"README.md,README_zh.md"
366,True,E01·A08·R024,UNVERIFIED,已陈述精度,条目正文带 ± / ×自身展布 / 区间,"README.md,README_zh.md"
367,True,E01·A08·R024,UNVERIFIED,已陈述精度,条目正文带 ± / ×自身展布 / 区间,"README.md,README_zh.md"
368,True,E01·A08·R024,UNVERIFIED,已陈述精度,条目正文带 ± / ×自身展布 / 区间,"README.md,README_zh.md"
369,True,E01·A08·R024,UNVERIFIED,已陈述精度,条目正文带 ± / ×自身展布 / 区间,"README.md,README_zh.md"
370,True,E01·A08·R019,NO_SPREAD,已陈述精度,条目正文带 ± / ×自身展布 / 区间,"README.md,README_zh.md"
371,True,E01·A08·R019,NO_SPREAD,已陈述精度,条目正文带 ± / ×自身展布 / 区间,"README.md,README_zh.md"
372,True,E01·A08·R019,NO_SPREAD,已陈述精度,条目正文带 ± / ×自身展布 / 区间,"README.md,README_zh.md"
373,True,E01·A08·R019,NO_SPREAD,null_零臂,artifact 里真实臂只有一行,"README.md,README_zh.md"
374,True,E01·A08·R019,NO_SPREAD,null_零臂,artifact 里真实臂只有一行,"README.md,README_zh.md"
375,True,E01·A08·R024,UNVERIFIED,已陈述精度,条目正文带 ± / ×自身展布 / 区间,"README.md,README_zh.md"
380,True,E01·A08·R019,NO_SPREAD,null_零臂,artifact 里真实臂只有一行,"README.md,README_zh.md"
381,True,E01·A08·R019,NO_SPREAD,null_零臂,artifact 里真实臂只有一行,"README.md,README_zh.md"
384,True,E01·A08·R019,NO_SPREAD,null_零臂,artifact 里真实臂只有一行,"README.md,README_zh.md"
385,True,E01·A08·R019,NO_SPREAD,已陈述精度,条目正文带 ± / ×自身展布 / 区间,"README.md,README_zh.md"
386,True,E01·A08·R019,NO_SPREAD,null_零臂,artifact 里真实臂只有一行,"README.md,README_zh.md"
387,True,E01·A08·R019,NO_SPREAD,null_零臂,artifact 里真实臂只有一行,"README.md,README_zh.md"
388,True,E01·A08·R019,NO_SPREAD,已陈述精度,条目正文带 ± / ×自身展布 / 区间,"README.md,README_zh.md"
389,True,E01·A08·R019,NO_SPREAD,已陈述精度,条目正文带 ± / ×自身展布 / 区间,"README.md,README_zh.md"
390,True,E01·A08·R019,NO_SPREAD,null_零臂,artifact 里真实臂只有一行,"README.md,README_zh.md"
391,True,E01·A08·R019,NO_SPREAD,null_零臂,artifact 里真实臂只有一行,"README.md,README_zh.md"
392,True,E01·A08·R024,UNVERIFIED,null_零臂,"条目不陈述精度,且拿不出来源 —— 保守判为零臂","README.md,README_zh.md"
395,True,E01·A08·R019,NO_SPREAD,已陈述精度,条目正文带 ± / ×自身展布 / 区间,"README.md,README_zh.md"
396,True,E01·A08·R019,NO_SPREAD,null_零臂,artifact 里真实臂只有一行,"README.md,README_zh.md"
397,True,E01·A08·R019,NO_SPREAD,null_零臂,artifact 里真实臂只有一行,"README.md,README_zh.md"
398,True,E01·A08·R019,NO_SPREAD,已陈述精度,条目正文带 ± / ×自身展布 / 区间,"README.md,README_zh.md"
399,True,E01·A08·R019,NO_SPREAD,null_零臂,artifact 里真实臂只有一行,"README.md,README_zh.md"
401,True,E01·A08·R019,NO_SPREAD,已陈述精度,条目正文带 ± / ×自身展布 / 区间,"README.md,README_zh.md"
402,True,E01·A08·R019,NO_SPREAD,null_零臂,artifact 里真实臂只有一行,"README.md,README_zh.md"
403,True,E01·A08·R019,NO_SPREAD,null_零臂,artifact 里真实臂只有一行,"README.md,README_zh.md"
404,True,E01·A08·R019,NO_SPREAD,已陈述精度,条目正文带 ± / ×自身展布 / 区间,"README.md,README_zh.md"
405,True,E01·A08·R019,NO_SPREAD,已陈述精度,条目正文带 ± / ×自身展布 / 区间,"README.md,README_zh.md"
406,True,E01·A08·R019,NO_SPREAD,已陈述精度,条目正文带 ± / ×自身展布 / 区间,"README.md,README_zh.md"
409,True,E01·A08·R019,NO_SPREAD,已陈述精度,条目正文带 ± / ×自身展布 / 区间,"README.md,README_zh.md"
411,True,E01·A08·R019,NO_SPREAD,null_零臂,artifact 里真实臂只有一行,"README.md,README_zh.md"
414,True,E01·A08·R019,NO_SPREAD,null_零臂,artifact 里真实臂只有一行,"README.md,README_zh.md"
415,True,E01·A09·R025,UNVERIFIED,null_零臂,"条目不陈述精度,且拿不出来源 —— 保守判为零臂","README.md,README_zh.md"
416,True,E01·A09·R025,UNVERIFIED,null_零臂,"条目不陈述精度,且拿不出来源 —— 保守判为零臂","README.md,README_zh.md"
417,True,E01·A09·R025,UNVERIFIED,null_零臂,"条目不陈述精度,且拿不出来源 —— 保守判为零臂","README.md,README_zh.md"
418,True,E01·A09·R025,UNVERIFIED,已陈述精度,条目正文带 ± / ×自身展布 / 区间,"README.md,README_zh.md"
419,True,E01·A09·R026,UNVERIFIED,null_零臂,"条目不陈述精度,且拿不出来源 —— 保守判为零臂","README.md,README_zh.md"
420,True,E01·A09·R026,UNVERIFIED,null_零臂,"条目不陈述精度,且拿不出来源 —— 保守判为零臂","README.md,README_zh.md"
421,True,E01·A09·R026,UNVERIFIED,null_零臂,"条目不陈述精度,且拿不出来源 —— 保守判为零臂","README.md,README_zh.md"
422,True,E01·A09·R026,UNVERIFIED,null_零臂,"条目不陈述精度,且拿不出来源 —— 保守判为零臂","README.md,README_zh.md"
423,True,E01·A09·R027,UNVERIFIED,null_零臂,"条目不陈述精度,且拿不出来源 —— 保守判为零臂","README.md,README_zh.md"
424,True,E01·A09·R028,UNVERIFIED,null_零臂,"条目不陈述精度,且拿不出来源 —— 保守判为零臂","README.md,README_zh.md"
429,True,E01·A09·R029,UNVERIFIED,null_零臂,"条目不陈述精度,且拿不出来源 —— 保守判为零臂","README.md,README_zh.md"
433,True,E01·A09·R030,UNVERIFIED,null_零臂,"条目不陈述精度,且拿不出来源 —— 保守判为零臂","README.md,README_zh.md"
434,True,E01·A09·R031,UNVERIFIED,已陈述精度,条目正文带 ± / ×自身展布 / 区间,"README.md,README_zh.md"
435,True,E01·A09·R031,UNVERIFIED,已陈述精度,条目正文带 ± / ×自身展布 / 区间,"README.md,README_zh.md"
436,True,E01·A09·R032,UNVERIFIED,已陈述精度,条目正文带 ± / ×自身展布 / 区间,"README.md,README_zh.md"
437,True,E01·A09·R032,UNVERIFIED,null_零臂,"条目不陈述精度,且拿不出来源 —— 保守判为零臂","README.md,README_zh.md"
439,True,E01·A09·R033,UNVERIFIED,已陈述精度,条目正文带 ± / ×自身展布 / 区间,"README.md,README_zh.md"
440,True,E01·A09·R034,UNVERIFIED,null_零臂,"条目不陈述精度,且拿不出来源 —— 保守判为零臂","README.md,README_zh.md"
441,True,E01·A09·R035,UNVERIFIED,null_零臂,"条目不陈述精度,且拿不出来源 —— 保守判为零臂","README.md,README_zh.md"
442,True,E01·A09·R029,UNVERIFIED,null_零臂,"条目不陈述精度,且拿不出来源 —— 保守判为零臂","README.md,README_zh.md"
443,True,E01·A09·R036,UNVERIFIED,已陈述精度,条目正文带 ± / ×自身展布 / 区间,"README.md,README_zh.md"
444,True,E01·A09·R037,UNVERIFIED,null_零臂,"条目不陈述精度,且拿不出来源 —— 保守判为零臂","README.md,README_zh.md"
445,True,E01·A09·R037,UNVERIFIED,null_零臂,"条目不陈述精度,且拿不出来源 —— 保守判为零臂","README.md,README_zh.md"
446,True,E01·A09·R037,UNVERIFIED,已陈述精度,条目正文带 ± / ×自身展布 / 区间,"README.md,README_zh.md"
447,True,E01·A09·R037,UNVERIFIED,null_零臂,"条目不陈述精度,且拿不出来源 —— 保守判为零臂","README.md,README_zh.md"
448,True,E01·A09·R037,UNVERIFIED,已陈述精度,条目正文带 ± / ×自身展布 / 区间,"README.md,README_zh.md"
449,True,E01·A09·R037,UNVERIFIED,null_零臂,"条目不陈述精度,且拿不出来源 —— 保守判为零臂","README.md,README_zh.md"
450,True,E01·A09·R037,UNVERIFIED,null_零臂,"条目不陈述精度,且拿不出来源 —— 保守判为零臂","README.md,README_zh.md"
451,True,E01·A09·R037,UNVERIFIED,null_零臂,"条目不陈述精度,且拿不出来源 —— 保守判为零臂","README.md,README_zh.md"
452,True,E01·A09·R026,UNVERIFIED,null_零臂,"条目不陈述精度,且拿不出来源 —— 保守判为零臂","README.md,README_zh.md"
454,True,E01·A09·R037,UNVERIFIED,null_零臂,"条目不陈述精度,且拿不出来源 —— 保守判为零臂","README.md,README_zh.md"
455,True,E01·A09·R037,UNVERIFIED,已陈述精度,条目正文带 ± / ×自身展布 / 区间,"README.md,README_zh.md"
456,True,E01·A09·R037,UNVERIFIED,null_零臂,"条目不陈述精度,且拿不出来源 —— 保守判为零臂","README.md,README_zh.md"
457,True,E01·A09·R038,UNVERIFIED,null_零臂,"条目不陈述精度,且拿不出来源 —— 保守判为零臂","README.md,README_zh.md"
458,True,E01·A09·R039,UNVERIFIED,null_零臂,"条目不陈述精度,且拿不出来源 —— 保守判为零臂","README.md,README_zh.md"
459,True,E01·A09·R039,UNVERIFIED,null_零臂,"条目不陈述精度,且拿不出来源 —— 保守判为零臂","README.md,README_zh.md"
460,True,E01·A09·R039,UNVERIFIED,null_零臂,"条目不陈述精度,且拿不出来源 —— 保守判为零臂","README.md,README_zh.md"
461,True,E01·A09·R029,UNVERIFIED,null_零臂,"条目不陈述精度,且拿不出来源 —— 保守判为零臂","README.md,README_zh.md"
463,True,E01·A09·R040,UNVERIFIED,null_零臂,"条目不陈述精度,且拿不出来源 —— 保守判为零臂","README.md,README_zh.md"
464,True,E01·A09·R040,UNVERIFIED,null_零臂,"条目不陈述精度,且拿不出来源 —— 保守判为零臂","README.md,README_zh.md"
465,True,E01·A09·R040,UNVERIFIED,null_零臂,"条目不陈述精度,且拿不出来源 —— 保守判为零臂","README.md,README_zh.md"
466,True,E02·A11·R045,-,null_零臂,"条目不陈述精度,且拿不出来源 —— 保守判为零臂","README.md,README_zh.md"
469,True,E01·A10·R041,UNVERIFIED,已陈述精度,条目正文带 ± / ×自身展布 / 区间,"README.md,README_zh.md"
470,True,E01·A10·R041,UNVERIFIED,已陈述精度,条目正文带 ± / ×自身展布 / 区间,"README.md,README_zh.md"
471,True,E01·A10·R041,UNVERIFIED,null_零臂,"条目不陈述精度,且拿不出来源 —— 保守判为零臂","README.md,README_zh.md"
472,True,E01·A10·R041,UNVERIFIED,已陈述精度,条目正文带 ± / ×自身展布 / 区间,"README.md,README_zh.md"
473,True,E01·A10·R041,UNVERIFIED,null_零臂,"条目不陈述精度,且拿不出来源 —— 保守判为零臂","README.md,README_zh.md"
474,True,E01·A10·R041,UNVERIFIED,null_零臂,"条目不陈述精度,且拿不出来源 —— 保守判为零臂","README.md,README_zh.md"
475,True,E01·A10·R041,UNVERIFIED,null_零臂,"条目不陈述精度,且拿不出来源 —— 保守判为零臂","README.md,README_zh.md"
476,True,E01·A10·R041,UNVERIFIED,null_零臂,"条目不陈述精度,且拿不出来源 —— 保守判为零臂","README.md,README_zh.md"
479,True,E01·A10·R041,UNVERIFIED,null_零臂,"条目不陈述精度,且拿不出来源 —— 保守判为零臂","README.md,README_zh.md"
480,True,E01·A10·R042,UNVERIFIED,null_零臂,"条目不陈述精度,且拿不出来源 —— 保守判为零臂","README.md,README_zh.md"
481,True,E01·A10·R042,UNVERIFIED,null_零臂,"条目不陈述精度,且拿不出来源 —— 保守判为零臂","README.md,README_zh.md"
490,True,E02·A11·R049,-,已陈述精度,条目正文带 ± / ×自身展布 / 区间,"README.md,README_zh.md"
494,True,E02·A11·R052,-,null_零臂,"条目不陈述精度,且拿不出来源 —— 保守判为零臂","README.md,README_zh.md"
528,True,E02·A12·R059,-,已陈述精度,条目正文带 ± / ×自身展布 / 区间,"README.md,README_zh.md"
529,True,E02·A12·R060,-,null_零臂,"条目不陈述精度,且拿不出来源 —— 保守判为零臂","README.md,README_zh.md"
542,True,E02·A12·R065,-,null_零臂,"条目不陈述精度,且拿不出来源 —— 保守判为零臂","README.md,README_zh.md"
600,True,E02·A13·R081,-,null_零臂,"条目不陈述精度,且拿不出来源 —— 保守判为零臂","README.md,README_zh.md"
601,True,E02·A13·R081,-,null_零臂,"条目不陈述精度,且拿不出来源 —— 保守判为零臂","README.md,README_zh.md"
607,True,E02·A13·R081,-,已陈述精度,条目正文带 ± / ×自身展布 / 区间,"README.md,README_zh.md"
617,True,E02·A12·R070,-,已陈述精度,条目正文带 ± / ×自身展布 / 区间,"README.md,README_zh.md"
618,True,E02·A12·R070,-,null_零臂,"条目不陈述精度,且拿不出来源 —— 保守判为零臂","README.md,README_zh.md"
623,True,E02·A12·R059,-,null_零臂,"条目不陈述精度,且拿不出来源 —— 保守判为零臂","README.md,README_zh.md"
635,True,E02·A12·R059,-,已陈述精度,条目正文带 ± / ×自身展布 / 区间,"README.md,README_zh.md"
638,True,E02·A12·R059,-,已陈述精度,条目正文带 ± / ×自身展布 / 区间,"README.md,README_zh.md"
639,True,E02·A12·R071,-,已陈述精度,条目正文带 ± / ×自身展布 / 区间,"README.md,README_zh.md"
650,True,E03·A18·R095,-,null_零臂,"条目不陈述精度,且拿不出来源 —— 保守判为零臂","README.md,README_zh.md"
653,True,E03·A18·R098,-,null_零臂,"条目不陈述精度,且拿不出来源 —— 保守判为零臂","README.md,README_zh.md"
661,True,E03·A19·R103,-,已陈述精度,条目正文带 ± / ×自身展布 / 区间,"README.md,README_zh.md"
676,True,E03·A23·R118,-,null_零臂,"条目不陈述精度,且拿不出来源 —— 保守判为零臂","README.md,README_zh.md"
680,True,E03·A23·R122,-,null_零臂,"条目不陈述精度,且拿不出来源 —— 保守判为零臂","README.md,README_zh.md"
691,True,E03·A25·R133,-,null_零臂,"条目不陈述精度,且拿不出来源 —— 保守判为零臂","README.md,README_zh.md"
706,True,E03·A29·R148,-,null_零臂,"条目不陈述精度,且拿不出来源 —— 保守判为零臂","README.md,README_zh.md"
709,True,E03·A30·R151,-,null_零臂,"条目不陈述精度,且拿不出来源 —— 保守判为零臂","README.md,README_zh.md"
710,True,E03·A30·R152,-,null_零臂,"条目不陈述精度,且拿不出来源 —— 保守判为零臂","README.md,README_zh.md"
711,True,E03·A30·R153,-,已陈述精度,条目正文带 ± / ×自身展布 / 区间,"README.md,README_zh.md"
713,True,E03·A30·R155,-,null_零臂,"条目不陈述精度,且拿不出来源 —— 保守判为零臂","README.md,README_zh.md"
715,True,E03·A30·R157,-,null_零臂,"条目不陈述精度,且拿不出来源 —— 保守判为零臂","README.md,README_zh.md"
716,True,E03·A30·R158,-,null_零臂,"条目不陈述精度,且拿不出来源 —— 保守判为零臂","README.md,README_zh.md"
717,True,E03·A30·R159,-,已陈述精度,条目正文带 ± / ×自身展布 / 区间,"README.md,README_zh.md"
718,True,E03·A30·R160,-,null_零臂,"条目不陈述精度,且拿不出来源 —— 保守判为零臂","README.md,README_zh.md"
720,True,E03·A31·R162,-,已陈述精度,条目正文带 ± / ×自身展布 / 区间,"README.md,README_zh.md"
721,True,E03·A31·R163,-,已陈述精度,条目正文带 ± / ×自身展布 / 区间,"README.md,README_zh.md"
726,True,E03·A32·R169,-,null_零臂,"条目不陈述精度,且拿不出来源 —— 保守判为零臂","README.md,README_zh.md"
731,True,E03·A33·R174,-,null_零臂,"条目不陈述精度,且拿不出来源 —— 保守判为零臂","README.md,README_zh.md"
732,True,E03·A33·R175,-,null_零臂,"条目不陈述精度,且拿不出来源 —— 保守判为零臂","README.md,README_zh.md"
734,True,E03·A33·R177,-,null_零臂,"条目不陈述精度,且拿不出来源 —— 保守判为零臂","README.md,README_zh.md"
737,True,E03·A34·R180,-,已陈述精度,条目正文带 ± / ×自身展布 / 区间,"README.md,README_zh.md"
739,True,E03·A35·R182,-,null_零臂,"条目不陈述精度,且拿不出来源 —— 保守判为零臂","README.md,README_zh.md"
740,True,E03·A35·R183,-,已陈述精度,条目正文带 ± / ×自身展布 / 区间,"README.md,README_zh.md"
745,True,E03·A35·R188,-,已陈述精度,条目正文带 ± / ×自身展布 / 区间,"README.md,README_zh.md"
747,True,E03·A35·R190,-,null_零臂,"条目不陈述精度,且拿不出来源 —— 保守判为零臂","README.md,README_zh.md"
749,True,E03·A37·R192,-,null_零臂,"条目不陈述精度,且拿不出来源 —— 保守判为零臂","README.md,README_zh.md"
750,True,E03·A37·R193,-,null_零臂,"条目不陈述精度,且拿不出来源 —— 保守判为零臂","README.md,README_zh.md"
754,True,E03·A38·R195,-,null_零臂,"条目不陈述精度,且拿不出来源 —— 保守判为零臂","README.md,README_zh.md"
758,True,E03·A38·R199,-,null_零臂,"条目不陈述精度,且拿不出来源 —— 保守判为零臂","README.md,README_zh.md"
759,True,E03·A38·R200,-,null_零臂,"条目不陈述精度,且拿不出来源 —— 保守判为零臂","README.md,README_zh.md"
762,True,E03·A39·R202,-,null_零臂,"条目不陈述精度,且拿不出来源 —— 保守判为零臂","README.md,README_zh.md"
764,True,E03·A39·R203,-,null_零臂,"条目不陈述精度,且拿不出来源 —— 保守判为零臂","README.md,README_zh.md"
765,True,E03·A39·R204,-,null_零臂,"条目不陈述精度,且拿不出来源 —— 保守判为零臂","README.md,README_zh.md"
767,True,E03·A39·R206,-,null_零臂,"条目不陈述精度,且拿不出来源 —— 保守判为零臂","README.md,README_zh.md"
770,True,E03·A41·R209,-,null_零臂,"条目不陈述精度,且拿不出来源 —— 保守判为零臂","README.md,README_zh.md"
773,True,E03·A41·R212,-,null_零臂,"条目不陈述精度,且拿不出来源 —— 保守判为零臂","README.md,README_zh.md"
774,True,E03·A42·R213,-,null_零臂,"条目不陈述精度,且拿不出来源 —— 保守判为零臂","README.md,README_zh.md"
776,True,E03·A42·R215,-,null_零臂,"条目不陈述精度,且拿不出来源 —— 保守判为零臂","README.md,README_zh.md"
777,True,E03·A42·R216,-,null_零臂,"条目不陈述精度,且拿不出来源 —— 保守判为零臂","README.md,README_zh.md"
778,True,E03·A43·R217,-,null_零臂,"条目不陈述精度,且拿不出来源 —— 保守判为零臂","README.md,README_zh.md"
779,True,E03·A43·R218,-,null_零臂,"条目不陈述精度,且拿不出来源 —— 保守判为零臂","README.md,README_zh.md"
781,True,E03·A43·R220,-,已陈述精度,条目正文带 ± / ×自身展布 / 区间,"README.md,README_zh.md"
782,True,E03·A43·R221,-,已陈述精度,条目正文带 ± / ×自身展布 / 区间,"README.md,README_zh.md"
783,True,E03·A43·R222,-,已陈述精度,条目正文带 ± / ×自身展布 / 区间,"README.md,README_zh.md"
784,True,E03·A44·R223,-,已陈述精度,条目正文带 ± / ×自身展布 / 区间,"README.md,README_zh.md"
785,True,E03·A44·R224,-,已陈述精度,条目正文带 ± / ×自身展布 / 区间,"README.md,README_zh.md"
786,True,E03·A44·R225,-,已陈述精度,条目正文带 ± / ×自身展布 / 区间,"README.md,README_zh.md"
787,True,E03·A44·R226,-,null_零臂,"条目不陈述精度,且拿不出来源 —— 保守判为零臂","README.md,README_zh.md"
789,True,E03·A45·R228,-,已陈述精度,条目正文带 ± / ×自身展布 / 区间,"README.md,README_zh.md"
790,True,E03·A45·R229,-,已陈述精度,条目正文带 ± / ×自身展布 / 区间,"README.md,README_zh.md"
791,True,E03·A45·R230,-,null_零臂,"条目不陈述精度,且拿不出来源 —— 保守判为零臂","README.md,README_zh.md"
792,True,E03·A46·R231,-,null_零臂,"条目不陈述精度,且拿不出来源 —— 保守判为零臂","README.md,README_zh.md"
793,True,E03·A46·R232,-,null_零臂,"条目不陈述精度,且拿不出来源 —— 保守判为零臂","README.md,README_zh.md"
794,True,E03·A47·R233,-,已陈述精度,条目正文带 ± / ×自身展布 / 区间,"README.md,README_zh.md"
795,True,E03·A47·R234,-,null_零臂,"条目不陈述精度,且拿不出来源 —— 保守判为零臂","README.md,README_zh.md"
796,True,E03·A48·R235,-,已陈述精度,条目正文带 ± / ×自身展布 / 区间,"README.md,README_zh.md"
797,True,E03·A49·R236,-,已陈述精度,条目正文带 ± / ×自身展布 / 区间,"README.md,README_zh.md"
798,True,E03·A50·R237,-,null_零臂,"条目不陈述精度,且拿不出来源 —— 保守判为零臂","README.md,README_zh.md"
799,True,E03·A51·R238,-,已陈述精度,条目正文带 ± / ×自身展布 / 区间,"README.md,README_zh.md"
800,True,E03·A52·R239,-,null_零臂,"条目不陈述精度,且拿不出来源 —— 保守判为零臂","README.md,README_zh.md"
801,True,E03·A53·R240,-,null_零臂,"条目不陈述精度,且拿不出来源 —— 保守判为零臂","README.md,README_zh.md"
802,True,E03·A54·R241,-,null_零臂,"条目不陈述精度,且拿不出来源 —— 保守判为零臂","README.md,README_zh.md"
803,True,E03·A55·R242,-,null_零臂,"条目不陈述精度,且拿不出来源 —— 保守判为零臂","README.md,README_zh.md"
804,True,E03·A55·R243,-,null_零臂,"条目不陈述精度,且拿不出来源 —— 保守判为零臂","README.md,README_zh.md"
805,True,E03·A55·R244,-,已陈述精度,条目正文带 ± / ×自身展布 / 区间,"README.md,README_zh.md"
806,True,E03·A56·R245,-,已陈述精度,条目正文带 ± / ×自身展布 / 区间,"README.md,README_zh.md"
807,True,E03·A57·R246,-,null_零臂,"条目不陈述精度,且拿不出来源 —— 保守判为零臂","README.md,README_zh.md"
808,True,E03·A58·R247,-,已陈述精度,条目正文带 ± / ×自身展布 / 区间,"README.md,README_zh.md"
809,True,E03·A58·R248,-,null_零臂,"条目不陈述精度,且拿不出来源 —— 保守判为零臂","README.md,README_zh.md"
810,True,E03·A59·R249,-,已陈述精度,条目正文带 ± / ×自身展布 / 区间,"README.md,README_zh.md"
811,True,E03·A59·R250,-,已陈述精度,条目正文带 ± / ×自身展布 / 区间,"README.md,README_zh.md"
812,True,E03·A60·R251,-,已陈述精度,条目正文带 ± / ×自身展布 / 区间,"README.md,README_zh.md"
813,True,E03·A61·R252,-,已陈述精度,条目正文带 ± / ×自身展布 / 区间,"README.md,README_zh.md"
814,True,E03·A61·R253,-,已陈述精度,条目正文带 ± / ×自身展布 / 区间,"README.md,README_zh.md"
815,True,E03·A61·R254,-,null_零臂,"条目不陈述精度,且拿不出来源 —— 保守判为零臂","README.md,README_zh.md"
816,True,E03·A62·R255,-,已陈述精度,条目正文带 ± / ×自身展布 / 区间,"README.md,README_zh.md"
817,True,E03·A62·R256,-,已陈述精度,条目正文带 ± / ×自身展布 / 区间,"README.md,README_zh.md"
818,True,E03·A63·R257,-,已陈述精度,条目正文带 ± / ×自身展布 / 区间,"README.md,README_zh.md"
819,True,E03·A64·R258,-,null_零臂,"条目不陈述精度,且拿不出来源 —— 保守判为零臂","README.md,README_zh.md"
820,True,E03·A65·R259,-,null_零臂,"条目不陈述精度,且拿不出来源 —— 保守判为零臂","README.md,README_zh.md"
821,True,E03·A66·R260,-,已陈述精度,条目正文带 ± / ×自身展布 / 区间,"README.md,README_zh.md"
822,True,E03·A67·R261,-,null_零臂,"条目不陈述精度,且拿不出来源 —— 保守判为零臂","README.md,README_zh.md"
823,True,E03·A68·R262,-,已陈述精度,条目正文带 ± / ×自身展布 / 区间,"README.md,README_zh.md"
824,True,E03·A69·R263,-,null_零臂,"条目不陈述精度,且拿不出来源 —— 保守判为零臂","README.md,README_zh.md"
825,True,E03·A70·R264,-,null_零臂,"条目不陈述精度,且拿不出来源 —— 保守判为零臂","README.md,README_zh.md"
826,True,E03·A71·R265,-,已陈述精度,条目正文带 ± / ×自身展布 / 区间,"README.md,README_zh.md"
827,True,E03·A71·R266,-,null_零臂,"条目不陈述精度,且拿不出来源 —— 保守判为零臂","README.md,README_zh.md"
828,True,E03·A72·R267,-,null_零臂,"条目不陈述精度,且拿不出来源 —— 保守判为零臂","README.md,README_zh.md"
829,True,E03·A73·R268,-,null_零臂,"条目不陈述精度,且拿不出来源 —— 保守判为零臂","README.md,README_zh.md"
830,True,E03·A74·R269,-,null_零臂,"条目不陈述精度,且拿不出来源 —— 保守判为零臂","README.md,README_zh.md"
831,True,E03·A74·R270,-,null_零臂,"条目不陈述精度,且拿不出来源 —— 保守判为零臂","README.md,README_zh.md"
832,True,E03·A75·R271,-,已陈述精度,条目正文带 ± / ×自身展布 / 区间,"README.md,README_zh.md"
833,True,E03·A75·R272,-,null_零臂,"条目不陈述精度,且拿不出来源 —— 保守判为零臂","README.md,README_zh.md"
834,True,E03·A76·R273,-,已陈述精度,条目正文带 ± / ×自身展布 / 区间,"README.md,README_zh.md"
835,True,E03·A77·R274,-,已陈述精度,条目正文带 ± / ×自身展布 / 区间,"README.md,README_zh.md"
836,True,E03·A78·R275,-,null_零臂,"条目不陈述精度,且拿不出来源 —— 保守判为零臂","README.md,README_zh.md"
837,True,E03·A78·R276,-,null_零臂,"条目不陈述精度,且拿不出来源 —— 保守判为零臂","README.md,README_zh.md"
838,True,E03·A79·R277,-,已陈述精度,条目正文带 ± / ×自身展布 / 区间,"README.md,README_zh.md"
839,True,E03·A79·R278,-,已陈述精度,条目正文带 ± / ×自身展布 / 区间,"README.md,README_zh.md"
840,True,E03·A80·R279,-,已陈述精度,条目正文带 ± / ×自身展布 / 区间,"README.md,README_zh.md"
841,True,E03·A80·R280,-,null_零臂,"条目不陈述精度,且拿不出来源 —— 保守判为零臂","README.md,README_zh.md"
842,True,E03·A81·R281,-,null_零臂,"条目不陈述精度,且拿不出来源 —— 保守判为零臂","README.md,README_zh.md"
843,True,E03·A81·R282,-,null_零臂,"条目不陈述精度,且拿不出来源 —— 保守判为零臂","README.md,README_zh.md"
844,True,E03·A82·R283,-,已陈述精度,条目正文带 ± / ×自身展布 / 区间,"README.md,README_zh.md"
845,True,E03·A83·R284,-,已陈述精度,条目正文带 ± / ×自身展布 / 区间,"README.md,README_zh.md"
846,True,E03·A84·R285,-,已陈述精度,条目正文带 ± / ×自身展布 / 区间,"README.md,README_zh.md"
847,True,E03·A84·R286,-,null_零臂,"条目不陈述精度,且拿不出来源 —— 保守判为零臂","README.md,README_zh.md"
848,True,E03·A84·R287,-,null_零臂,"条目不陈述精度,且拿不出来源 —— 保守判为零臂","README.md,README_zh.md"
849,True,E03·A85·R288,-,已陈述精度,条目正文带 ± / ×自身展布 / 区间,"README.md,README_zh.md"
850,True,E03·A81·R289,-,null_零臂,"条目不陈述精度,且拿不出来源 —— 保守判为零臂","README.md,README_zh.md"
851,True,E03·A86·R290,-,null_零臂,"条目不陈述精度,且拿不出来源 —— 保守判为零臂","README.md,README_zh.md"
853,True,E03·A87·R292,-,已陈述精度,条目正文带 ± / ×自身展布 / 区间,"README.md,README_zh.md"
854,True,E03·A88·R293,-,null_零臂,"条目不陈述精度,且拿不出来源 —— 保守判为零臂","README.md,README_zh.md"
855,True,E03·A88·R294,-,null_零臂,"条目不陈述精度,且拿不出来源 —— 保守判为零臂","README.md,README_zh.md"
856,True,E03·A89·R295,-,已陈述精度,条目正文带 ± / ×自身展布 / 区间,"README.md,README_zh.md"
857,True,E03·A89·R296,-,已陈述精度,条目正文带 ± / ×自身展布 / 区间,"README.md,README_zh.md"
858,True,E03·A90·R297,-,已陈述精度,条目正文带 ± / ×自身展布 / 区间,"README.md,README_zh.md"
859,True,E03·A90·R298,-,null_零臂,"条目不陈述精度,且拿不出来源 —— 保守判为零臂","README.md,README_zh.md"
860,True,E03·A91·R299,-,null_零臂,"条目不陈述精度,且拿不出来源 —— 保守判为零臂","README.md,README_zh.md"
861,True,E03·A92·R300,-,已陈述精度,条目正文带 ± / ×自身展布 / 区间,"README.md,README_zh.md"
862,True,E03·A93·R301,-,null_零臂,"条目不陈述精度,且拿不出来源 —— 保守判为零臂","README.md,README_zh.md"
863,True,E03·A93·R302,-,null_零臂,"条目不陈述精度,且拿不出来源 —— 保守判为零臂","README.md,README_zh.md"
864,True,E03·A94·R303,-,已陈述精度,条目正文带 ± / ×自身展布 / 区间,"README.md,README_zh.md"
865,True,E03·A95·R304,-,null_零臂,"条目不陈述精度,且拿不出来源 —— 保守判为零臂","README.md,README_zh.md"
866,True,E03·A96·R305,-,null_零臂,"条目不陈述精度,且拿不出来源 —— 保守判为零臂","README.md,README_zh.md"
867,True,E03·A96·R306,-,null_零臂,"条目不陈述精度,且拿不出来源 —— 保守判为零臂","README.md,README_zh.md"
868,True,E03·A97·R307,-,null_零臂,"条目不陈述精度,且拿不出来源 —— 保守判为零臂","README.md,README_zh.md"
869,True,E03·A98·R308,-,null_零臂,"条目不陈述精度,且拿不出来源 —— 保守判为零臂","README.md,README_zh.md"
870,True,E03·A99·R309,-,null_零臂,"条目不陈述精度,且拿不出来源 —— 保守判为零臂","README.md,README_zh.md"
871,True,E03·A99·R310,-,null_零臂,"条目不陈述精度,且拿不出来源 —— 保守判为零臂","README.md,README_zh.md"
872,True,E03·A100·R311,-,null_零臂,"条目不陈述精度,且拿不出来源 —— 保守判为零臂","README.md,README_zh.md"
873,True,E03·A101·R313,-,null_零臂,"条目不陈述精度,且拿不出来源 —— 保守判为零臂","README.md,README_zh.md"
874,True,E03·A101·R312,-,null_零臂,"条目不陈述精度,且拿不出来源 —— 保守判为零臂","README.md,README_zh.md"
999,False,,,,,
9991,False,,,,,
