world,q,Kw,seed,arm,W
real,1,1,11,real,-0.007253405964189219
real,1,1,11,null,-0.061491964304537405
real,1,2,11,real,-0.02466769906834243
real,1,2,11,null,-0.12592518071810666
real,1,3,11,real,-0.05720967185835191
real,1,3,11,null,-0.19483869670634302
real,1,5,11,real,-0.1198181091649474
real,1,5,11,null,-0.29719328163419956
real,1,8,11,real,-0.21084036183107868
real,1,8,11,null,-0.37263137975670113
real,1,12,11,real,-0.23790213755963652
real,1,12,11,null,-0.21987523170606516
real,1,16,11,real,1.7763568394002505e-15
real,1,16,11,null,0.0
real,1,24,11,real,1.7763568394002505e-15
real,1,24,11,null,0.0
real,1,1,29,real,-0.0035420420568844646
real,1,1,29,null,-0.06291730056909417
real,1,2,29,real,-0.022814188995954887
real,1,2,29,null,-0.12049469310645844
real,1,3,29,real,-0.05931418896759433
real,1,3,29,null,-0.17563850408739567
real,1,5,29,real,-0.12699058797444696
real,1,5,29,null,-0.2633475626613939
real,1,8,29,real,-0.21791509504783768
real,1,8,29,null,-0.36007987911465045
real,1,12,29,real,-0.23384234522641334
real,1,12,29,null,-0.2268478245843515
real,1,16,29,real,0.0
real,1,16,29,null,-2.220446049250313e-16
real,1,24,29,real,0.0
real,1,24,29,null,-2.220446049250313e-16
real,4,1,11,real,0.038494832493452424
real,4,1,11,null,-0.09590377870055189
real,4,2,11,real,0.004921657253015188
real,4,2,11,null,-0.1773133876765397
real,4,3,11,real,0.0013591280833217256
real,4,3,11,null,-0.22325398007722574
real,4,5,11,real,-0.05926325514176034
real,4,5,11,null,-0.3374615992347275
real,4,8,11,real,-0.08677512852356906
real,4,8,11,null,-0.1589941559623288
real,4,12,11,real,-0.04028398128086075
real,4,12,11,null,-0.0280116530230915
real,4,16,11,real,3.219646771412954e-15
real,4,16,11,null,-5.551115123125783e-16
real,4,24,11,real,3.219646771412954e-15
real,4,24,11,null,-5.551115123125783e-16
real,4,1,29,real,0.020973113734879756
real,4,1,29,null,-0.11635126227184389
real,4,2,29,real,-0.017693974966421888
real,4,2,29,null,-0.18725747552272587
real,4,3,29,real,-0.014978013155392045
real,4,3,29,null,-0.24397972613519237
real,4,5,29,real,-0.06835608948445793
real,4,5,29,null,-0.3018847717277984
real,4,8,29,real,-0.05291845974775922
real,4,8,29,null,-0.15178069629308322
real,4,12,29,real,-0.030386579473409503
real,4,12,29,null,-0.029599075088729165
real,4,16,29,real,-8.881784197001252e-16
real,4,16,29,null,1.1102230246251565e-16
real,4,24,29,real,-8.881784197001252e-16
real,4,24,29,null,1.1102230246251565e-16
real,7,1,11,real,0.09802010291444341
real,7,1,11,null,-0.10732435757745118
real,7,2,11,real,0.0872556180686076
real,7,2,11,null,-0.197391379395091
real,7,3,11,real,0.03557288779919909
real,7,3,11,null,-0.2722453637530633
real,7,5,11,real,-0.01729699067220236
real,7,5,11,null,-0.370302064681554
real,7,8,11,real,-0.0996390364977432
real,7,8,11,null,-0.18388535482994928
real,7,12,11,real,-3.3306690738754696e-16
real,7,12,11,null,4.440892098500626e-16
real,7,16,11,real,-3.3306690738754696e-16
real,7,16,11,null,4.440892098500626e-16
real,7,24,11,real,-3.3306690738754696e-16
real,7,24,11,null,4.440892098500626e-16
real,7,1,29,real,0.09812242369898128
real,7,1,29,null,-0.11492164019271855
real,7,2,29,real,0.0836675669838115
real,7,2,29,null,-0.17750184323480656
real,7,3,29,real,0.023106701759566306
real,7,3,29,null,-0.267776543370166
real,7,5,29,real,-0.04888692740578626
real,7,5,29,null,-0.40946654272516936
real,7,8,29,real,-0.14614260380411803
real,7,8,29,null,-0.14582344611465747
real,7,12,29,real,0.0
real,7,12,29,null,-5.551115123125783e-16
real,7,16,29,real,0.0
real,7,16,29,null,-5.551115123125783e-16
real,7,24,29,real,0.0
real,7,24,29,null,-5.551115123125783e-16
real,8,1,11,real,-0.0458310139102277
real,8,1,11,null,-0.10495520806500558
real,8,2,11,real,-0.06977767258056689
real,8,2,11,null,-0.18106336764006192
real,8,3,11,real,-0.04598060930600012
real,8,3,11,null,-0.2484876229343893
real,8,5,11,real,-0.07807272642514973
real,8,5,11,null,-0.3740667289165196
real,8,8,11,real,-0.16431138657066868
real,8,8,11,null,-0.2230550689888231
real,8,12,11,real,-1.6653345369377348e-15
real,8,12,11,null,0.0
real,8,16,11,real,-1.6653345369377348e-15
real,8,16,11,null,0.0
real,8,24,11,real,-1.6653345369377348e-15
real,8,24,11,null,0.0
real,8,1,29,real,-0.040379373151673614
real,8,1,29,null,-0.10887294705470751
real,8,2,29,real,-0.06405231280685286
real,8,2,29,null,-0.17795996364141253
real,8,3,29,real,-0.06592746505535119
real,8,3,29,null,-0.2675438394016547
real,8,5,29,real,-0.08417678396545691
real,8,5,29,null,-0.3990022958843418
real,8,8,29,real,-0.1894755808069425
real,8,8,29,null,-0.16968149325816606
real,8,12,29,real,2.55351295663786e-15
real,8,12,29,null,-3.3306690738754696e-16
real,8,16,29,real,2.55351295663786e-15
real,8,16,29,null,-3.3306690738754696e-16
real,8,24,29,real,2.55351295663786e-15
real,8,24,29,null,-3.3306690738754696e-16
real,13,1,11,real,-0.022018347804121263
real,13,1,11,null,-0.042107524240790006
real,13,2,11,real,-0.047035829731185586
real,13,2,11,null,-0.0767746474176988
real,13,3,11,real,-0.06754456684765864
real,13,3,11,null,-0.11786989678730875
real,13,5,11,real,-0.12187138400113806
real,13,5,11,null,-0.1723435740972611
real,13,8,11,real,-0.17924596101735368
real,13,8,11,null,-0.24303319957185188
real,13,12,11,real,-0.23684718722254827
real,13,12,11,null,-0.24060408945512612
real,13,16,11,real,-0.08077596184812308
real,13,16,11,null,-0.08229976240314685
real,13,24,11,real,-1.4432899320127035e-15
real,13,24,11,null,5.551115123125783e-16
real,13,1,29,real,-0.019973569005494185
real,13,1,29,null,-0.037819115747328325
real,13,2,29,real,-0.046625823434139235
real,13,2,29,null,-0.08573389108080687
real,13,3,29,real,-0.0689996398706727
real,13,3,29,null,-0.12180839191525827
real,13,5,29,real,-0.11448126061025699
real,13,5,29,null,-0.18840115944636626
real,13,8,29,real,-0.18026478500008158
real,13,8,29,null,-0.25394036822307187
real,13,12,29,real,-0.24319271296715395
real,13,12,29,null,-0.2536543774327219
real,13,16,29,real,-0.07133337185077893
real,13,16,29,null,-0.09226061924377138
real,13,24,29,real,8.881784197001252e-16
real,13,24,29,null,-1.1102230246251565e-16
real,17,1,11,real,-0.09399482794858993
real,17,1,11,null,-0.11231549220698267
real,17,2,11,real,-0.09314054118811832
real,17,2,11,null,-0.2157178024528229
real,17,3,11,real,-0.1902518546363582
real,17,3,11,null,-0.33018331258965816
real,17,5,11,real,-0.29203991556878106
real,17,5,11,null,-0.30229795056464204
real,17,8,11,real,-0.018149940535389097
real,17,8,11,null,-0.02756787773376801
real,17,12,11,real,8.881784197001252e-16
real,17,12,11,null,-1.1102230246251565e-16
real,17,16,11,real,8.881784197001252e-16
real,17,16,11,null,-1.1102230246251565e-16
real,17,24,11,real,8.881784197001252e-16
real,17,24,11,null,-1.1102230246251565e-16
real,17,1,29,real,-0.0846373778666073
real,17,1,29,null,-0.1252083028823643
real,17,2,29,real,-0.12546330429093255
real,17,2,29,null,-0.2192370159910867
real,17,3,29,real,-0.1537661543907728
real,17,3,29,null,-0.2102886048623559
real,17,5,29,real,-0.23278173340504893
real,17,5,29,null,-0.32854114708898907
real,17,8,29,real,-0.006978621245337324
real,17,8,29,null,-0.018573741025713852
real,17,12,29,real,-5.551115123125783e-16
real,17,12,29,null,0.0
real,17,16,29,real,-5.551115123125783e-16
real,17,16,29,null,0.0
real,17,24,29,real,-5.551115123125783e-16
real,17,24,29,null,0.0
real,19,1,11,real,0.01548281642702698
real,19,1,11,null,-0.061066014443158845
real,19,2,11,real,0.008012185295395713
real,19,2,11,null,-0.1124180879829616
real,19,3,11,real,0.0037528337129231204
real,19,3,11,null,-0.15991305841479886
real,19,5,11,real,-0.027633343643073016
real,19,5,11,null,-0.23860220545318023
real,19,8,11,real,-0.1312299584964708
real,19,8,11,null,-0.36533149787052754
real,19,12,11,real,-0.2965821424660894
real,19,12,11,null,-0.4465606407709888
real,19,16,11,real,-0.27244670355532385
real,19,16,11,null,-0.3837897817653888
real,19,24,11,real,9.992007221626409e-16
real,19,24,11,null,1.1102230246251565e-16
real,19,1,29,real,0.013632202300733143
real,19,1,29,null,-0.05385236837703944
real,19,2,29,real,-0.0025984441209764286
real,19,2,29,null,-0.10523480722963985
real,19,3,29,real,-0.01115249587672984
real,19,3,29,null,-0.1470170214061619
real,19,5,29,real,-0.04698500450640197
real,19,5,29,null,-0.24078205274459719
real,19,8,29,real,-0.1513961925173002
real,19,8,29,null,-0.3643999017672924
real,19,12,29,real,-0.3302028573570841
real,19,12,29,null,-0.5003979209156507
real,19,16,29,real,-0.28270451569211263
real,19,16,29,null,-0.35190059512037386
real,19,24,29,real,-3.3306690738754696e-16
real,19,24,29,null,1.1102230246251565e-16
real,29,1,11,real,0.021195761421980763
real,29,1,11,null,-0.057360926368379195
real,29,2,11,real,0.021335267651516165
real,29,2,11,null,-0.10210301399287092
real,29,3,11,real,0.012835882048285896
real,29,3,11,null,-0.152908293580592
real,29,5,11,real,-0.02472863237101597
real,29,5,11,null,-0.2410838999717262
real,29,8,11,real,-0.1349049611654013
real,29,8,11,null,-0.35082951410691987
real,29,12,11,real,-0.2472074484438549
real,29,12,11,null,-0.44192843379420366
real,29,16,11,real,-0.255273087682902
real,29,16,11,null,-0.27604990997503276
real,29,24,11,real,1.9984014443252818e-15
real,29,24,11,null,3.3306690738754696e-16
real,29,1,29,real,0.022694893285965523
real,29,1,29,null,-0.04489340638229655
real,29,2,29,real,0.020244044832511632
real,29,2,29,null,-0.10238136912269791
real,29,3,29,real,0.009639032898707045
real,29,3,29,null,-0.14565889034809676
real,29,5,29,real,-0.03541143822588355
real,29,5,29,null,-0.24013314173017386
real,29,8,29,real,-0.12301477285729479
real,29,8,29,null,-0.36637716341487103
real,29,12,29,real,-0.22435411153088702
real,29,12,29,null,-0.4326347099846154
real,29,16,29,real,-0.2614463312361046
real,29,16,29,null,-0.2520173231592311
real,29,24,29,real,-8.881784197001252e-16
real,29,24,29,null,-1.1102230246251565e-16
real,39,1,11,real,0.034193997310251745
real,39,1,11,null,-0.11542002772959759
real,39,2,11,real,0.030901123821056364
real,39,2,11,null,-0.19746487599337348
real,39,3,11,real,-0.021574199564165286
real,39,3,11,null,-0.25534010997020373
real,39,5,11,real,-0.07581344910025556
real,39,5,11,null,-0.3835272823136102
real,39,8,11,real,-0.21103981892941603
real,39,8,11,null,-0.43396996961459444
real,39,12,11,real,3.219646771412954e-15
real,39,12,11,null,2.220446049250313e-16
real,39,16,11,real,3.219646771412954e-15
real,39,16,11,null,2.220446049250313e-16
real,39,24,11,real,3.219646771412954e-15
real,39,24,11,null,2.220446049250313e-16
real,39,1,29,real,0.02549893730009467
real,39,1,29,null,-0.08197098315775642
real,39,2,29,real,0.024095519299469514
real,39,2,29,null,-0.15276194487466432
real,39,3,29,real,-0.00486703276317213
real,39,3,29,null,-0.23458153425589412
real,39,5,29,real,-0.10218773950578286
real,39,5,29,null,-0.3711833293147575
real,39,8,29,real,-0.23223682342115615
real,39,8,29,null,-0.35404646867655565
real,39,12,29,real,9.992007221626409e-16
real,39,12,29,null,4.440892098500626e-16
real,39,16,29,real,9.992007221626409e-16
real,39,16,29,null,4.440892098500626e-16
real,39,24,29,real,9.992007221626409e-16
real,39,24,29,null,4.440892098500626e-16
real,42,1,11,real,0.08480504282136836
real,42,1,11,null,-0.06692451507096941
real,42,2,11,real,0.065214574991599
real,42,2,11,null,-0.1287196389616958
real,42,3,11,real,0.04673118134229426
real,42,3,11,null,-0.189837203020084
real,42,5,11,real,-0.009899872080912586
real,42,5,11,null,-0.31695968701887334
real,42,8,11,real,-0.09606118352391935
real,42,8,11,null,-0.4228201028620999
real,42,12,11,real,-0.2047132430034283
real,42,12,11,null,-0.39624564111655447
real,42,16,11,real,-0.007799220808903717
real,42,16,11,null,-0.034244701614470685
real,42,24,11,real,-2.55351295663786e-15
real,42,24,11,null,1.1102230246251565e-16
real,42,1,29,real,0.08754089931820219
real,42,1,29,null,-0.06004131088532705
real,42,2,29,real,0.08655560760790026
real,42,2,29,null,-0.1408251302964334
real,42,3,29,real,0.06824560560208315
real,42,3,29,null,-0.22204428407520205
real,42,5,29,real,-0.01807481710546832
real,42,5,29,null,-0.3082081331525084
real,42,8,29,real,-0.13240172196342936
real,42,8,29,null,-0.43029928034774323
real,42,12,29,real,-0.22730470961560656
real,42,12,29,null,-0.3460841217156809
real,42,16,29,real,-0.023733856743969994
real,42,16,29,null,-0.027119407782250304
real,42,24,29,real,2.55351295663786e-15
real,42,24,29,null,-4.440892098500626e-16
real,48,1,11,real,0.11398487318366712
real,48,1,11,null,-0.08707835785268059
real,48,2,11,real,0.05978184120985719
real,48,2,11,null,-0.18166719841849588
real,48,3,11,real,0.013923029806736875
real,48,3,11,null,-0.22212461644276738
real,48,5,11,real,-0.08420566607988278
real,48,5,11,null,-0.31664143138471157
real,48,8,11,real,-0.07734613916329214
real,48,8,11,null,-0.06719770908652545
real,48,12,11,real,1.4432899320127035e-15
real,48,12,11,null,-3.3306690738754696e-16
real,48,16,11,real,1.4432899320127035e-15
real,48,16,11,null,-3.3306690738754696e-16
real,48,24,11,real,1.4432899320127035e-15
real,48,24,11,null,-3.3306690738754696e-16
real,48,1,29,real,0.1286895889954448
real,48,1,29,null,-0.10582712540424466
real,48,2,29,real,0.07103842030985652
real,48,2,29,null,-0.1788860957889583
real,48,3,29,real,0.026328588348128346
real,48,3,29,null,-0.2239282037256728
real,48,5,29,real,-0.10631817816575573
real,48,5,29,null,-0.32689559212165853
real,48,8,29,real,-0.06589383522313852
real,48,8,29,null,-0.059203498571841484
real,48,12,29,real,-1.5543122344752192e-15
real,48,12,29,null,-2.3314683517128287e-15
real,48,16,29,real,-1.5543122344752192e-15
real,48,16,29,null,-2.3314683517128287e-15
real,48,24,29,real,-1.5543122344752192e-15
real,48,24,29,null,-2.3314683517128287e-15
real,53,1,11,real,0.025632016859327256
real,53,1,11,null,-0.03945464858260417
real,53,2,11,real,0.03000036118099647
real,53,2,11,null,-0.07724986411605639
real,53,3,11,real,0.02338808677833959
real,53,3,11,null,-0.11925450351624911
real,53,5,11,real,-0.02426794030102586
real,53,5,11,null,-0.1932626259966257
real,53,8,11,real,-0.10621677289706888
real,53,8,11,null,-0.2848651298895676
real,53,12,11,real,-0.24742893837078672
real,53,12,11,null,-0.4176396603766963
real,53,16,11,real,-0.2616074682968389
real,53,16,11,null,-0.4904888923341677
real,53,24,11,real,-7.771561172376096e-16
real,53,24,11,null,-2.220446049250313e-16
real,53,1,29,real,0.010608843039325522
real,53,1,29,null,-0.028913213488777956
real,53,2,29,real,0.004939044512508262
real,53,2,29,null,-0.08210655592770444
real,53,3,29,real,-0.00980094169918122
real,53,3,29,null,-0.12261143645513972
real,53,5,29,real,-0.05090273273759616
real,53,5,29,null,-0.1943204771804986
real,53,8,29,real,-0.11882143476356855
real,53,8,29,null,-0.2918888249952667
real,53,12,29,real,-0.2432307866954223
real,53,12,29,null,-0.4459879126736933
real,53,16,29,real,-0.2788938238628278
real,53,16,29,null,-0.46744605437761166
real,53,24,29,real,-7.771561172376096e-16
real,53,24,29,null,2.220446049250313e-16
real,55,1,11,real,-0.015010670563503359
real,55,1,11,null,-0.07109141444471268
real,55,2,11,real,-0.05582492004401707
real,55,2,11,null,-0.13380029378705305
real,55,3,11,real,-0.08847332174439615
real,55,3,11,null,-0.17094136379521252
real,55,5,11,real,-0.14315662727144152
real,55,5,11,null,-0.27132552353733075
real,55,8,11,real,-0.20980597731425332
real,55,8,11,null,-0.34124358965267054
real,55,12,11,real,-0.15698878363992896
real,55,12,11,null,-0.19874799981167734
real,55,16,11,real,1.2212453270876722e-15
real,55,16,11,null,1.1102230246251565e-16
real,55,24,11,real,1.5543122344752192e-15
real,55,24,11,null,0.0
real,55,1,29,real,-0.0013939065360784042
real,55,1,29,null,-0.055618398347042186
real,55,2,29,real,-0.04343811897126448
real,55,2,29,null,-0.10604329577712579
real,55,3,29,real,-0.0792813811377433
real,55,3,29,null,-0.16655332739933748
real,55,5,29,real,-0.1381322805839491
real,55,5,29,null,-0.28765865947701097
real,55,8,29,real,-0.22179343274618435
real,55,8,29,null,-0.35721457765688036
real,55,12,29,real,-0.14838578898868304
real,55,12,29,null,-0.16474317477237976
real,55,16,29,real,-1.1102230246251565e-15
real,55,16,29,null,0.0
real,55,24,29,real,-7.771561172376096e-16
real,55,24,29,null,-1.1102230246251565e-16
real,62,1,11,real,0.008486995836257116
real,62,1,11,null,-0.04901627569380618
real,62,2,11,real,-0.014350163244395309
real,62,2,11,null,-0.10780213174552788
real,62,3,11,real,-0.035505328015089765
real,62,3,11,null,-0.17057434032784857
real,62,5,11,real,-0.08881289272578152
real,62,5,11,null,-0.2717086965029951
real,62,8,11,real,-0.19212847887023854
real,62,8,11,null,-0.3571053355263216
real,62,12,11,real,-0.2668902531529591
real,62,12,11,null,-0.3922328965649735
real,62,16,11,real,-0.17344368795536313
real,62,16,11,null,-0.188108973555825
real,62,24,11,real,-1.4432899320127035e-15
real,62,24,11,null,0.0
real,62,1,29,real,0.014247456356491162
real,62,1,29,null,-0.06004775372338811
real,62,2,29,real,-0.008318582399878038
real,62,2,29,null,-0.11583636426898791
real,62,3,29,real,-0.03318583590966129
real,62,3,29,null,-0.17471475113903634
real,62,5,29,real,-0.10482821951175969
real,62,5,29,null,-0.261428430735287
real,62,8,29,real,-0.19267383808983596
real,62,8,29,null,-0.33620267287704275
real,62,12,29,real,-0.2590828686519644
real,62,12,29,null,-0.40461373318191274
real,62,16,29,real,-0.1757926887651593
real,62,16,29,null,-0.1833028573821217
real,62,24,29,real,-7.771561172376096e-16
real,62,24,29,null,8.881784197001252e-16
real,63,1,11,real,-0.030304551475577535
real,63,1,11,null,-0.05671916472535732
real,63,2,11,real,-0.05608187988802671
real,63,2,11,null,-0.11678030429744501
real,63,3,11,real,-0.08428758849281537
real,63,3,11,null,-0.1695779596492718
real,63,5,11,real,-0.15954167863702073
real,63,5,11,null,-0.2667500266989721
real,63,8,11,real,-0.2697658613973003
real,63,8,11,null,-0.3849202731778374
real,63,12,11,real,-0.36039090992172096
real,63,12,11,null,-0.4268673647241259
real,63,16,11,real,-0.04476327692088422
real,63,16,11,null,-0.05735184228570733
real,63,24,11,real,1.6653345369377348e-15
real,63,24,11,null,0.0
real,63,1,29,real,-0.01096131948016954
real,63,1,29,null,-0.05846109888040196
real,63,2,29,real,-0.04389885302133267
real,63,2,29,null,-0.11542840645505303
real,63,3,29,real,-0.07099722218338589
real,63,3,29,null,-0.15218805407134184
real,63,5,29,real,-0.13942254570032642
real,63,5,29,null,-0.2412441337169564
real,63,8,29,real,-0.24640392765418373
real,63,8,29,null,-0.3874196882236908
real,63,12,29,real,-0.31310454724369097
real,63,12,29,null,-0.4192738089419371
real,63,16,29,real,-0.045542934920742684
real,63,16,29,null,-0.04555779934387394
real,63,24,29,real,-5.551115123125783e-16
real,63,24,29,null,0.0
real,67,1,11,real,-0.03234083067825344
real,67,1,11,null,-0.06583304342645646
real,67,2,11,real,-0.06342797415561885
real,67,2,11,null,-0.12911157477726776
real,67,3,11,real,-0.1000471201333426
real,67,3,11,null,-0.18541289957713647
real,67,5,11,real,-0.1658666141178019
real,67,5,11,null,-0.3048014135813748
real,67,8,11,real,-0.26330462902158724
real,67,8,11,null,-0.3865965573313177
real,67,12,11,real,-0.22046417722307743
real,67,12,11,null,-0.28737178056230905
real,67,16,11,real,3.3306690738754696e-16
real,67,16,11,null,-3.3306690738754696e-16
real,67,24,11,real,3.3306690738754696e-16
real,67,24,11,null,-3.3306690738754696e-16
real,67,1,29,real,-0.02344733529120069
real,67,1,29,null,-0.07274678542742918
real,67,2,29,real,-0.06669019273966736
real,67,2,29,null,-0.14493984178954844
real,67,3,29,real,-0.0911723050787373
real,67,3,29,null,-0.1918819519052739
real,67,5,29,real,-0.16989984662586766
real,67,5,29,null,-0.2997939573422016
real,67,8,29,real,-0.2661401683733383
real,67,8,29,null,-0.3748770762347716
real,67,12,29,real,-0.2181887166709664
real,67,12,29,null,-0.23267167590501003
real,67,16,29,real,-8.881784197001252e-16
real,67,16,29,null,0.0
real,67,24,29,real,-8.881784197001252e-16
real,67,24,29,null,0.0
real,73,1,11,real,0.030912276674137207
real,73,1,11,null,-0.060561925711268505
real,73,2,11,real,0.01785902329410738
real,73,2,11,null,-0.10501331239172673
real,73,3,11,real,-0.00180047165229269
real,73,3,11,null,-0.16683068902915255
real,73,5,11,real,-0.05269935515747237
real,73,5,11,null,-0.2862593318528277
real,73,8,11,real,-0.13118449396228737
real,73,8,11,null,-0.42159943719344817
real,73,12,11,real,-0.24794836945686405
real,73,12,11,null,-0.4300261118916451
real,73,16,11,real,-0.028920464004675295
real,73,16,11,null,-0.04622148401064985
real,73,24,11,real,-1.9984014443252818e-15
real,73,24,11,null,0.0
real,73,1,29,real,0.02278023879240232
real,73,1,29,null,-0.06407441918298373
real,73,2,29,real,0.019673685380385386
real,73,2,29,null,-0.12264034866082796
real,73,3,29,real,-0.005963339761490549
real,73,3,29,null,-0.17704438011695756
real,73,5,29,real,-0.05180621623901582
real,73,5,29,null,-0.27341387078099677
real,73,8,29,real,-0.1407217421564183
real,73,8,29,null,-0.36923568226086145
real,73,12,29,real,-0.25987409340161716
real,73,12,29,null,-0.4188368871523348
real,73,16,29,real,-0.051452935529781696
real,73,16,29,null,-0.06331111246692267
real,73,24,29,real,2.1094237467877974e-15
real,73,24,29,null,-2.220446049250313e-16
real,77,1,11,real,0.030836006700850516
real,77,1,11,null,-0.029536331095491475
real,77,2,11,real,0.013670786697299597
real,77,2,11,null,-0.07920083626161001
real,77,3,11,real,0.00045076111105457617
real,77,3,11,null,-0.12281384858947342
real,77,5,11,real,-0.05426885776457402
real,77,5,11,null,-0.20855171951406992
real,77,8,11,real,-0.10768908049044301
real,77,8,11,null,-0.2915079643176497
real,77,12,11,real,-0.16617106089911815
real,77,12,11,null,-0.33536245899046935
real,77,16,11,real,-0.14019362439797978
real,77,16,11,null,-0.18506969577215115
real,77,24,11,real,-1.1102230246251565e-15
real,77,24,11,null,0.0
real,77,1,29,real,0.0304708356489386
real,77,1,29,null,-0.027144552356059726
real,77,2,29,real,0.008409028937360397
real,77,2,29,null,-0.07822446495107849
real,77,3,29,real,-0.006292079138763396
real,77,3,29,null,-0.13086893302581593
real,77,5,29,real,-0.06377072707643194
real,77,5,29,null,-0.19831992803179666
real,77,8,29,real,-0.09072443624357707
real,77,8,29,null,-0.2942959301898469
real,77,12,29,real,-0.1600537159268145
real,77,12,29,null,-0.35293324092802614
real,77,16,29,real,-0.1296326486460163
real,77,16,29,null,-0.21682604082380152
real,77,24,29,real,-2.3314683517128287e-15
real,77,24,29,null,3.3306690738754696e-16
real,83,1,11,real,0.136477604631296
real,83,1,11,null,-0.11002465974156994
real,83,2,11,real,0.06122444814951167
real,83,2,11,null,-0.18190805234373808
real,83,3,11,real,0.04865342811887219
real,83,3,11,null,-0.26062875569507427
real,83,5,11,real,-0.04779260124622908
real,83,5,11,null,-0.40997841769028287
real,83,8,11,real,-0.1445265301083032
real,83,8,11,null,-0.1260063394806935
real,83,12,11,real,-2.886579864025407e-15
real,83,12,11,null,-2.220446049250313e-16
real,83,16,11,real,-2.886579864025407e-15
real,83,16,11,null,-2.220446049250313e-16
real,83,24,11,real,-2.886579864025407e-15
real,83,24,11,null,-2.220446049250313e-16
real,83,1,29,real,0.15837819277426302
real,83,1,29,null,-0.10415666650947275
real,83,2,29,real,0.0871722816867696
real,83,2,29,null,-0.196686359061796
real,83,3,29,real,0.03809150899409197
real,83,3,29,null,-0.2842370898395097
real,83,5,29,real,-0.041556764353793074
real,83,5,29,null,-0.37881542122811807
real,83,8,29,real,-0.11573622523756688
real,83,8,29,null,-0.1908452252063595
real,83,12,29,real,2.220446049250313e-16
real,83,12,29,null,-2.220446049250313e-16
real,83,16,29,real,2.220446049250313e-16
real,83,16,29,null,-2.220446049250313e-16
real,83,24,29,real,2.220446049250313e-16
real,83,24,29,null,-2.220446049250313e-16
real,85,1,11,real,0.01644507553896757
real,85,1,11,null,-0.03772499669746909
real,85,2,11,real,0.0209984245491317
real,85,2,11,null,-0.07924921523162165
real,85,3,11,real,0.014241413546074666
real,85,3,11,null,-0.12615908086484995
real,85,5,11,real,-0.026734830780559382
real,85,5,11,null,-0.191984863788494
real,85,8,11,real,-0.12127387874901507
real,85,8,11,null,-0.3023047492474983
real,85,12,11,real,-0.2488744345519801
real,85,12,11,null,-0.3978990353772085
real,85,16,11,real,-0.2860806835590982
real,85,16,11,null,-0.4443253635258724
real,85,24,11,real,2.1094237467877974e-15
real,85,24,11,null,-6.661338147750939e-16
real,85,1,29,real,0.021377929722101396
real,85,1,29,null,-0.04522632120398573
real,85,2,29,real,0.019546689469224998
real,85,2,29,null,-0.07474053770182143
real,85,3,29,real,0.014121706531539657
real,85,3,29,null,-0.10628579135161809
real,85,5,29,real,-0.021188430180385853
real,85,5,29,null,-0.1737790255848627
real,85,8,29,real,-0.10557945853899542
real,85,8,29,null,-0.2891094197094277
real,85,12,29,real,-0.25022030851127963
real,85,12,29,null,-0.4231675335599422
real,85,16,29,real,-0.3007457633313616
real,85,16,29,null,-0.4742909137371282
real,85,24,29,real,2.220446049250313e-16
real,85,24,29,null,1.1102230246251565e-16
real,90,1,11,real,0.04737145643407259
real,90,1,11,null,-0.06333223446022263
real,90,2,11,real,0.0010863253506685489
real,90,2,11,null,-0.13632512351630477
real,90,3,11,real,0.010094929627541438
real,90,3,11,null,-0.2311598146313636
real,90,5,11,real,-0.03146022008520888
real,90,5,11,null,-0.28378326175171265
real,90,8,11,real,0.07361496452375604
real,90,8,11,null,-0.16291569061286548
real,90,12,11,real,1.1102230246251565e-16
real,90,12,11,null,1.1102230246251565e-16
real,90,16,11,real,1.1102230246251565e-16
real,90,16,11,null,1.1102230246251565e-16
real,90,24,11,real,1.1102230246251565e-16
real,90,24,11,null,1.1102230246251565e-16
real,90,1,29,real,0.05303888642508092
real,90,1,29,null,-0.06566722923202706
real,90,2,29,real,0.010990645602426352
real,90,2,29,null,-0.15869683163629922
real,90,3,29,real,0.010550122280449492
real,90,3,29,null,-0.2002796138447247
real,90,5,29,real,-0.022232392333977113
real,90,5,29,null,-0.2602893149755462
real,90,8,29,real,0.07793096187527115
real,90,8,29,null,-0.15406693286912798
real,90,12,29,real,-6.661338147750939e-16
real,90,12,29,null,-1.1102230246251565e-16
real,90,16,29,real,-6.661338147750939e-16
real,90,16,29,null,-1.1102230246251565e-16
real,90,24,29,real,-6.661338147750939e-16
real,90,24,29,null,-1.1102230246251565e-16
real,92,1,11,real,-0.018423643973832005
real,92,1,11,null,-0.059806546925584736
real,92,2,11,real,-0.02739191278870734
real,92,2,11,null,-0.11072791351462064
real,92,3,11,real,-0.06859380366638834
real,92,3,11,null,-0.1719986310233731
real,92,5,11,real,-0.10829442415849522
real,92,5,11,null,-0.26881905966302333
real,92,8,11,real,-0.23315235111425847
real,92,8,11,null,-0.3980045652252181
real,92,12,11,real,-0.3504934991051506
real,92,12,11,null,-0.47498750767416775
real,92,16,11,real,-0.09914034145989614
real,92,16,11,null,-0.08801962484046233
real,92,24,11,real,4.440892098500626e-16
real,92,24,11,null,0.0
real,92,1,29,real,-0.006981690343999092
real,92,1,29,null,-0.06387748538511584
real,92,2,29,real,-0.018754808941966905
real,92,2,29,null,-0.12498718349556137
real,92,3,29,real,-0.05242247655539545
real,92,3,29,null,-0.17357206201733033
real,92,5,29,real,-0.10167995443503086
real,92,5,29,null,-0.2857911985608641
real,92,8,29,real,-0.2278247427864446
real,92,8,29,null,-0.4070097500857941
real,92,12,29,real,-0.37329199933075996
real,92,12,29,null,-0.46867555518077153
real,92,16,29,real,-0.11901788579611472
real,92,16,29,null,-0.07689867234414394
real,92,24,29,real,-2.7755575615628914e-15
real,92,24,29,null,2.220446049250313e-16
real,93,1,11,real,0.03195742109615474
real,93,1,11,null,-0.050786898248080026
real,93,2,11,real,0.026210020405018852
real,93,2,11,null,-0.10016859600668948
real,93,3,11,real,0.017648844011038833
real,93,3,11,null,-0.15295420375223656
real,93,5,11,real,-0.04051051610287759
real,93,5,11,null,-0.21838770622080805
real,93,8,11,real,-0.08017364891103274
real,93,8,11,null,-0.32199126420618385
real,93,12,11,real,-0.17087867123853562
real,93,12,11,null,-0.35345027354840886
real,93,16,11,real,-0.1957578702482793
real,93,16,11,null,-0.30166787983632515
real,93,24,11,real,2.220446049250313e-16
real,93,24,11,null,1.1102230246251565e-16
real,93,1,29,real,0.029994255205520126
real,93,1,29,null,-0.03725707941850065
real,93,2,29,real,0.02380034066260861
real,93,2,29,null,-0.08312784662430794
real,93,3,29,real,0.013423390148625036
real,93,3,29,null,-0.13020984220305953
real,93,5,29,real,-0.04730928639182219
real,93,5,29,null,-0.20801442716734753
real,93,8,29,real,-0.081717761881959
real,93,8,29,null,-0.31020498848147393
real,93,12,29,real,-0.16777270715004444
real,93,12,29,null,-0.3837540794816122
real,93,16,29,real,-0.1917060594232649
real,93,16,29,null,-0.3007617743809917
real,93,24,29,real,4.440892098500626e-16
real,93,24,29,null,4.440892098500626e-16
r2,1,1,11,real,0.1736757467778004
r2,1,1,11,null,-0.07716863734856871
r2,1,2,11,real,0.25659698570930534
r2,1,2,11,null,-0.14299221539494789
r2,1,3,11,real,0.19993171788113262
r2,1,3,11,null,-0.20000799061790442
r2,1,5,11,real,0.11495263886045881
r2,1,5,11,null,-0.3107625755412493
r2,1,8,11,real,-0.015333110226801394
r2,1,8,11,null,-0.4307332195791964
r2,1,12,11,real,-0.16742889762024382
r2,1,12,11,null,-0.4651593429519554
r2,1,16,11,real,3.4416913763379853e-15
r2,1,16,11,null,-2.220446049250313e-16
r2,1,24,11,real,3.4416913763379853e-15
r2,1,24,11,null,-2.220446049250313e-16
r2,1,1,29,real,0.17132081098338892
r2,1,1,29,null,-0.06870487434418382
r2,1,2,29,real,0.24550210955273755
r2,1,2,29,null,-0.14184641059165526
r2,1,3,29,real,0.19162606254881487
r2,1,3,29,null,-0.19777814949750772
r2,1,5,29,real,0.0995837055178499
r2,1,5,29,null,-0.32360875441606285
r2,1,8,29,real,-0.022306912566298687
r2,1,8,29,null,-0.4365239460965593
r2,1,12,29,real,-0.16226946590144986
r2,1,12,29,null,-0.4610089069083745
r2,1,16,29,real,1.3322676295501878e-15
r2,1,16,29,null,0.0
r2,1,24,29,real,1.3322676295501878e-15
r2,1,24,29,null,0.0
r2,4,1,11,real,0.12929011556057535
r2,4,1,11,null,-0.08630655927644593
r2,4,2,11,real,0.14085341052216171
r2,4,2,11,null,-0.17936902985643788
r2,4,3,11,real,0.1120941318297024
r2,4,3,11,null,-0.25120513661464283
r2,4,5,11,real,-0.007247278107710975
r2,4,5,11,null,-0.31975955413495516
r2,4,8,11,real,-0.19640918159760234
r2,4,8,11,null,-0.3508345713803611
r2,4,12,11,real,-0.06851040032037503
r2,4,12,11,null,-0.045911493655495295
r2,4,16,11,real,8.881784197001252e-16
r2,4,16,11,null,1.4432899320127035e-15
r2,4,24,11,real,8.881784197001252e-16
r2,4,24,11,null,1.4432899320127035e-15
r2,4,1,29,real,0.12865974752844322
r2,4,1,29,null,-0.09686568751510105
r2,4,2,29,real,0.13913439733690858
r2,4,2,29,null,-0.20787703609997588
r2,4,3,29,real,0.11494411585682662
r2,4,3,29,null,-0.24543154402359246
r2,4,5,29,real,0.015421227371287594
r2,4,5,29,null,-0.31451556721301566
r2,4,8,29,real,-0.17713844835963888
r2,4,8,29,null,-0.3522692786522633
r2,4,12,29,real,-0.05517785282113474
r2,4,12,29,null,-0.0423464540487114
r2,4,16,29,real,-6.439293542825908e-15
r2,4,16,29,null,-1.1102230246251565e-16
r2,4,24,29,real,-6.439293542825908e-15
r2,4,24,29,null,-1.1102230246251565e-16
r2,7,1,11,real,0.1428274160671087
r2,7,1,11,null,-0.10375535836011696
r2,7,2,11,real,0.13611190809416085
r2,7,2,11,null,-0.2090466413644505
r2,7,3,11,real,0.04463158976301729
r2,7,3,11,null,-0.305553706546571
r2,7,5,11,real,-0.11200561415843269
r2,7,5,11,null,-0.39243604696592427
r2,7,8,11,real,-0.15622498860804335
r2,7,8,11,null,-0.28969794638821744
r2,7,12,11,real,-1.7763568394002505e-15
r2,7,12,11,null,1.3322676295501878e-15
r2,7,16,11,real,-1.7763568394002505e-15
r2,7,16,11,null,1.3322676295501878e-15
r2,7,24,11,real,-1.7763568394002505e-15
r2,7,24,11,null,1.3322676295501878e-15
r2,7,1,29,real,0.15372833126272123
r2,7,1,29,null,-0.09044776612666516
r2,7,2,29,real,0.1153653315506602
r2,7,2,29,null,-0.17990113445587363
r2,7,3,29,real,0.06348625234306604
r2,7,3,29,null,-0.2562437906845727
r2,7,5,29,real,-0.09524075954404165
r2,7,5,29,null,-0.37651837183065506
r2,7,8,29,real,-0.18715329347187049
r2,7,8,29,null,-0.23418229214709618
r2,7,12,29,real,-4.218847493575595e-15
r2,7,12,29,null,-9.992007221626409e-16
r2,7,16,29,real,-4.218847493575595e-15
r2,7,16,29,null,-9.992007221626409e-16
r2,7,24,29,real,-4.218847493575595e-15
r2,7,24,29,null,-9.992007221626409e-16
r2,8,1,11,real,0.13880607264790523
r2,8,1,11,null,-0.11268523511629569
r2,8,2,11,real,0.10862932475736742
r2,8,2,11,null,-0.2033096140318189
r2,8,3,11,real,-0.008954876399754008
r2,8,3,11,null,-0.28813770364599733
r2,8,5,11,real,-0.09406356129303006
r2,8,5,11,null,-0.43813593011769214
r2,8,8,11,real,-0.11256030660868932
r2,8,8,11,null,-0.17869793701746728
r2,8,12,11,real,-2.220446049250313e-15
r2,8,12,11,null,-6.661338147750939e-16
r2,8,16,11,real,-2.220446049250313e-15
r2,8,16,11,null,-6.661338147750939e-16
r2,8,24,11,real,-2.220446049250313e-15
r2,8,24,11,null,-6.661338147750939e-16
r2,8,1,29,real,0.1291981919492926
r2,8,1,29,null,-0.12613920417779534
r2,8,2,29,real,0.11457433514603621
r2,8,2,29,null,-0.19193766479198215
r2,8,3,29,real,-0.0010457751647572344
r2,8,3,29,null,-0.31426551303129124
r2,8,5,29,real,-0.1306087588505087
r2,8,5,29,null,-0.4506733449488265
r2,8,8,29,real,-0.16427677279383457
r2,8,8,29,null,-0.23828533989295986
r2,8,12,29,real,-1.1102230246251565e-15
r2,8,12,29,null,4.440892098500626e-16
r2,8,16,29,real,-1.1102230246251565e-15
r2,8,16,29,null,4.440892098500626e-16
r2,8,24,29,real,-1.1102230246251565e-15
r2,8,24,29,null,4.440892098500626e-16
r2,13,1,11,real,0.11971619268707945
r2,13,1,11,null,-0.07644745211287785
r2,13,2,11,real,0.18945309210143602
r2,13,2,11,null,-0.12398735427191832
r2,13,3,11,real,0.14268513882979095
r2,13,3,11,null,-0.1618349934588066
r2,13,5,11,real,0.05545462759101316
r2,13,5,11,null,-0.26525908101023843
r2,13,8,11,real,-0.06781158668398468
r2,13,8,11,null,-0.39401601065665326
r2,13,12,11,real,-0.21996291729797735
r2,13,12,11,null,-0.5185547343669286
r2,13,16,11,real,-0.26632985512179075
r2,13,16,11,null,-0.4359536921016052
r2,13,24,11,real,2.4424906541753444e-15
r2,13,24,11,null,1.2212453270876722e-15
r2,13,1,29,real,0.11705138975262952
r2,13,1,29,null,-0.08074258774697518
r2,13,2,29,real,0.1841163644888434
r2,13,2,29,null,-0.127784890546092
r2,13,3,29,real,0.13949055842413405
r2,13,3,29,null,-0.1815668024830389
r2,13,5,29,real,0.046768896720651765
r2,13,5,29,null,-0.2773395534100721
r2,13,8,29,real,-0.09183969539054104
r2,13,8,29,null,-0.40731180878294626
r2,13,12,29,real,-0.23725554886613098
r2,13,12,29,null,-0.49538289245471
r2,13,16,29,real,-0.2783907393189349
r2,13,16,29,null,-0.38489359380665233
r2,13,24,29,real,4.551914400963142e-15
r2,13,24,29,null,-1.1102230246251565e-16
r2,17,1,11,real,0.0863065309582236
r2,17,1,11,null,-0.14035261645119235
r2,17,2,11,real,0.13596969706650908
r2,17,2,11,null,-0.2365967158144482
r2,17,3,11,real,0.04715439427920054
r2,17,3,11,null,-0.3328860967332681
r2,17,5,11,real,-0.07763609959875173
r2,17,5,11,null,-0.42946448127932335
r2,17,8,11,real,-0.18156205051100827
r2,17,8,11,null,-0.2401157659367883
r2,17,12,11,real,8.881784197001252e-16
r2,17,12,11,null,0.0
r2,17,16,11,real,8.881784197001252e-16
r2,17,16,11,null,0.0
r2,17,24,11,real,8.881784197001252e-16
r2,17,24,11,null,0.0
r2,17,1,29,real,0.1158958984046643
r2,17,1,29,null,-0.17443979272325727
r2,17,2,29,real,0.15969016985549467
r2,17,2,29,null,-0.27997445778880525
r2,17,3,29,real,0.05798747824067274
r2,17,3,29,null,-0.3690953745574461
r2,17,5,29,real,-0.06334694523968531
r2,17,5,29,null,-0.3729091994798299
r2,17,8,29,real,-0.18290468757042722
r2,17,8,29,null,-0.22630974530817594
r2,17,12,29,real,4.440892098500626e-16
r2,17,12,29,null,4.440892098500626e-16
r2,17,16,29,real,4.440892098500626e-16
r2,17,16,29,null,4.440892098500626e-16
r2,17,24,29,real,4.440892098500626e-16
r2,17,24,29,null,4.440892098500626e-16
r2,19,1,11,real,0.09205000302749033
r2,19,1,11,null,-0.06677253976196351
r2,19,2,11,real,0.14119094474466876
r2,19,2,11,null,-0.12232585845591004
r2,19,3,11,real,0.08550728339390168
r2,19,3,11,null,-0.18510507941804544
r2,19,5,11,real,0.004175979949984643
r2,19,5,11,null,-0.2886163776926097
r2,19,8,11,real,-0.12577554142152414
r2,19,8,11,null,-0.41096714442086146
r2,19,12,11,real,-0.31146577670319153
r2,19,12,11,null,-0.5738640214659095
r2,19,16,11,real,-0.3005675489766032
r2,19,16,11,null,-0.5174906211286104
r2,19,24,11,real,-6.661338147750939e-16
r2,19,24,11,null,0.0
r2,19,1,29,real,0.07391498774748739
r2,19,1,29,null,-0.06485187111459056
r2,19,2,29,real,0.13728500574459956
r2,19,2,29,null,-0.12737954331030255
r2,19,3,29,real,0.08477065668369443
r2,19,3,29,null,-0.18605298167434892
r2,19,5,29,real,-0.0063926506071787514
r2,19,5,29,null,-0.279372958942825
r2,19,8,29,real,-0.1600459769036856
r2,19,8,29,null,-0.4261696462665435
r2,19,12,29,real,-0.31741897794299867
r2,19,12,29,null,-0.5755601681916668
r2,19,16,29,real,-0.32411141216128436
r2,19,16,29,null,-0.5108775970334166
r2,19,24,29,real,0.0
r2,19,24,29,null,8.881784197001252e-16
r2,29,1,11,real,0.1256367434638026
r2,29,1,11,null,-0.05485226464867332
r2,29,2,11,real,0.20873595103892695
r2,29,2,11,null,-0.1127922108797077
r2,29,3,11,real,0.1530395695109752
r2,29,3,11,null,-0.16538055293195852
r2,29,5,11,real,0.08119623298559264
r2,29,5,11,null,-0.26298818295591775
r2,29,8,11,real,-0.028382891390050347
r2,29,8,11,null,-0.38695748629483684
r2,29,12,11,real,-0.15441328351455974
r2,29,12,11,null,-0.5094621278516469
r2,29,16,11,real,-0.2564938426209935
r2,29,16,11,null,-0.5066753675721409
r2,29,24,11,real,-1.7763568394002505e-15
r2,29,24,11,null,-4.440892098500626e-16
r2,29,1,29,real,0.12450688742502491
r2,29,1,29,null,-0.06499820112506427
r2,29,2,29,real,0.20708568440930986
r2,29,2,29,null,-0.12283790853917986
r2,29,3,29,real,0.14445349200723157
r2,29,3,29,null,-0.18131142022813507
r2,29,5,29,real,0.07872869416335082
r2,29,5,29,null,-0.28006415614574875
r2,29,8,29,real,-0.035884858039365364
r2,29,8,29,null,-0.3868942702670709
r2,29,12,29,real,-0.1601170529054915
r2,29,12,29,null,-0.5148793893908769
r2,29,16,29,real,-0.25074495175428446
r2,29,16,29,null,-0.48803590869763747
r2,29,24,29,real,-1.3322676295501878e-15
r2,29,24,29,null,7.771561172376096e-16
r5,1,1,11,real,0.1215280959208418
r5,1,1,11,null,-0.07498042572290764
r5,1,2,11,real,0.23319122210724086
r5,1,2,11,null,-0.15085690941468388
r5,1,3,11,real,0.2831229288539666
r5,1,3,11,null,-0.214068317258848
r5,1,5,11,real,0.29945494633043046
r5,1,5,11,null,-0.3292352359107462
r5,1,8,11,real,0.1232030742805661
r5,1,8,11,null,-0.45551982769175803
r5,1,12,11,real,-0.12138043373163665
r5,1,12,11,null,-0.5562883252549098
r5,1,16,11,real,-5.995204332975845e-15
r5,1,16,11,null,-2.220446049250313e-16
r5,1,24,11,real,-5.995204332975845e-15
r5,1,24,11,null,-2.220446049250313e-16
r5,1,1,29,real,0.11772942955108212
r5,1,1,29,null,-0.07503060081912616
r5,1,2,29,real,0.22964907891299868
r5,1,2,29,null,-0.1436389083231775
r5,1,3,29,real,0.2803327190280842
r5,1,3,29,null,-0.20943695963522724
r5,1,5,29,real,0.30391151099129765
r5,1,5,29,null,-0.31457971382045047
r5,1,8,29,real,0.12188898585665853
r5,1,8,29,null,-0.4604825522430598
r5,1,12,29,real,-0.13001002549800145
r5,1,12,29,null,-0.5537744416798847
r5,1,16,29,real,-6.661338147750939e-15
r5,1,16,29,null,0.0
r5,1,24,29,real,-6.661338147750939e-15
r5,1,24,29,null,0.0
r5,4,1,11,real,0.17200196986677851
r5,4,1,11,null,-0.08352797925274524
r5,4,2,11,real,0.22418630190757238
r5,4,2,11,null,-0.16238525974538964
r5,4,3,11,real,0.28297093987104593
r5,4,3,11,null,-0.21848083523006911
r5,4,5,11,real,0.25889055515476234
r5,4,5,11,null,-0.3510793304083031
r5,4,8,11,real,0.04679547703093623
r5,4,8,11,null,-0.47621418547343763
r5,4,12,11,real,-0.13745920426544744
r5,4,12,11,null,-0.3826502386966466
r5,4,16,11,real,2.220446049250313e-15
r5,4,16,11,null,0.0
r5,4,24,11,real,2.220446049250313e-15
r5,4,24,11,null,0.0
r5,4,1,29,real,0.17369089159341444
r5,4,1,29,null,-0.09647650835308563
r5,4,2,29,real,0.2308506780022911
r5,4,2,29,null,-0.18369014401921913
r5,4,3,29,real,0.28684098767915966
r5,4,3,29,null,-0.2538167021527724
r5,4,5,29,real,0.26722707120305267
r5,4,5,29,null,-0.33779148367382716
r5,4,8,29,real,0.053831349383610894
r5,4,8,29,null,-0.4855449863298822
r5,4,12,29,real,-0.17037832464791314
r5,4,12,29,null,-0.35989570480867394
r5,4,16,29,real,-5.995204332975845e-15
r5,4,16,29,null,-2.220446049250313e-16
r5,4,24,29,real,-5.995204332975845e-15
r5,4,24,29,null,-2.220446049250313e-16
r5,7,1,11,real,0.08895254216628234
r5,7,1,11,null,-0.1282760847279547
r5,7,2,11,real,0.11564010786035006
r5,7,2,11,null,-0.21091494862116367
r5,7,3,11,real,0.1304188699218739
r5,7,3,11,null,-0.33033727042402194
r5,7,5,11,real,0.047604762735214745
r5,7,5,11,null,-0.4322093200358741
r5,7,8,11,real,-0.10753794691352492
r5,7,8,11,null,-0.3901545882162847
r5,7,12,11,real,9.992007221626409e-15
r5,7,12,11,null,-4.440892098500626e-16
r5,7,16,11,real,9.992007221626409e-15
r5,7,16,11,null,-4.440892098500626e-16
r5,7,24,11,real,9.992007221626409e-15
r5,7,24,11,null,-4.440892098500626e-16
r5,7,1,29,real,0.09641503278887553
r5,7,1,29,null,-0.09724434732550935
r5,7,2,29,real,0.14428790464503627
r5,7,2,29,null,-0.21168068900804426
r5,7,3,29,real,0.15789349380897588
r5,7,3,29,null,-0.2838049771321345
r5,7,5,29,real,0.10627403525359469
r5,7,5,29,null,-0.43822094189890914
r5,7,8,29,real,-0.07065803758112432
r5,7,8,29,null,-0.3673952294416394
r5,7,12,29,real,-2.886579864025407e-15
r5,7,12,29,null,-2.886579864025407e-15
r5,7,16,29,real,-2.886579864025407e-15
r5,7,16,29,null,-2.886579864025407e-15
r5,7,24,29,real,-2.886579864025407e-15
r5,7,24,29,null,-2.886579864025407e-15
r5,8,1,11,real,0.1634285424675691
r5,8,1,11,null,-0.1264877475077102
r5,8,2,11,real,0.1797717034880254
r5,8,2,11,null,-0.20402568477600136
r5,8,3,11,real,0.16266241021743666
r5,8,3,11,null,-0.2834408288315573
r5,8,5,11,real,0.07110676671200555
r5,8,5,11,null,-0.41860205568204156
r5,8,8,11,real,-0.14836347338479805
r5,8,8,11,null,-0.36177567979451886
r5,8,12,11,real,-4.218847493575595e-15
r5,8,12,11,null,0.0
r5,8,16,11,real,-4.218847493575595e-15
r5,8,16,11,null,0.0
r5,8,24,11,real,-4.218847493575595e-15
r5,8,24,11,null,0.0
r5,8,1,29,real,0.1580905931920119
r5,8,1,29,null,-0.12942658073853175
r5,8,2,29,real,0.16814902369518347
r5,8,2,29,null,-0.24806932732821063
r5,8,3,29,real,0.17314970177925004
r5,8,3,29,null,-0.34781681102951545
r5,8,5,29,real,0.10317175943795975
r5,8,5,29,null,-0.4502079688982108
r5,8,8,29,real,-0.1362160582307137
r5,8,8,29,null,-0.4087456959060669
r5,8,12,29,real,8.215650382226158e-15
r5,8,12,29,null,4.440892098500626e-16
r5,8,16,29,real,8.215650382226158e-15
r5,8,16,29,null,4.440892098500626e-16
r5,8,24,29,real,8.215650382226158e-15
r5,8,24,29,null,4.440892098500626e-16
r5,13,1,11,real,0.07537710053759428
r5,13,1,11,null,-0.06482217537878321
r5,13,2,11,real,0.16165474271019875
r5,13,2,11,null,-0.11801288106437968
r5,13,3,11,real,0.23360941360468457
r5,13,3,11,null,-0.16856737239347308
r5,13,5,11,real,0.28256711795535383
r5,13,5,11,null,-0.25908186227844787
r5,13,8,11,real,0.135594052014
r5,13,8,11,null,-0.41398825608022194
r5,13,12,11,real,-0.101712337226596
r5,13,12,11,null,-0.5528600700735866
r5,13,16,11,real,-0.2262514193563041
r5,13,16,11,null,-0.5414722410388211
r5,13,24,11,real,9.992007221626409e-16
r5,13,24,11,null,3.3306690738754696e-16
r5,13,1,29,real,0.07878525127699987
r5,13,1,29,null,-0.0765581309088963
r5,13,2,29,real,0.1560234305666578
r5,13,2,29,null,-0.12866577737553686
r5,13,3,29,real,0.22974577978101673
r5,13,3,29,null,-0.18097240070958387
r5,13,5,29,real,0.27202894322022364
r5,13,5,29,null,-0.2828115526183692
r5,13,8,29,real,0.12508796316069715
r5,13,8,29,null,-0.4359836350935571
r5,13,12,29,real,-0.10473158755223744
r5,13,12,29,null,-0.5898251753574346
r5,13,16,29,real,-0.2200451099765235
r5,13,16,29,null,-0.5297946087645582
r5,13,24,29,real,8.881784197001252e-16
r5,13,24,29,null,-4.440892098500626e-16
r5,17,1,11,real,-0.01984458042814219
r5,17,1,11,null,-0.09487910587776827
r5,17,2,11,real,-0.03348872363862809
r5,17,2,11,null,-0.20275601292876977
r5,17,3,11,real,-0.006014704512536717
r5,17,3,11,null,-0.2633665157177332
r5,17,5,11,real,-0.044105918259472965
r5,17,5,11,null,-0.4076411333064558
r5,17,8,11,real,-0.15083330966762665
r5,17,8,11,null,-0.3724404618888695
r5,17,12,11,real,-2.220446049250313e-16
r5,17,12,11,null,-3.3306690738754696e-16
r5,17,16,11,real,-2.220446049250313e-16
r5,17,16,11,null,-3.3306690738754696e-16
r5,17,24,11,real,-2.220446049250313e-16
r5,17,24,11,null,-3.3306690738754696e-16
r5,17,1,29,real,0.009317161503316851
r5,17,1,29,null,-0.09768855240075447
r5,17,2,29,real,0.01580894836598723
r5,17,2,29,null,-0.19892473076972927
r5,17,3,29,real,0.0017252809759850107
r5,17,3,29,null,-0.26568539109542977
r5,17,5,29,real,0.009025991324614457
r5,17,5,29,null,-0.4059820146049651
r5,17,8,29,real,-0.14799994586828902
r5,17,8,29,null,-0.31259521299393334
r5,17,12,29,real,-2.3314683517128287e-15
r5,17,12,29,null,0.0
r5,17,16,29,real,-2.3314683517128287e-15
r5,17,16,29,null,0.0
r5,17,24,29,real,-2.3314683517128287e-15
r5,17,24,29,null,0.0
r5,19,1,11,real,0.0835745898574195
r5,19,1,11,null,-0.06486933566406483
r5,19,2,11,real,0.17511922755711817
r5,19,2,11,null,-0.1425189036497967
r5,19,3,11,real,0.2835495232207049
r5,19,3,11,null,-0.20130889737765645
r5,19,5,11,real,0.2954332810969933
r5,19,5,11,null,-0.3065244754244265
r5,19,8,11,real,0.14537622431869757
r5,19,8,11,null,-0.4224877149362485
r5,19,12,11,real,-0.08263917745996252
r5,19,12,11,null,-0.5648088453046296
r5,19,16,11,real,-0.20071250436531984
r5,19,16,11,null,-0.5173201160361109
r5,19,24,11,real,-8.104628079763643e-15
r5,19,24,11,null,2.220446049250313e-16
r5,19,1,29,real,0.07250733530596021
r5,19,1,29,null,-0.06566541316218233
r5,19,2,29,real,0.15689319886739084
r5,19,2,29,null,-0.1206883368274092
r5,19,3,29,real,0.2658864036450015
r5,19,3,29,null,-0.1887514147493956
r5,19,5,29,real,0.2828499471469871
r5,19,5,29,null,-0.29693972875252106
r5,19,8,29,real,0.13118070945465865
r5,19,8,29,null,-0.42942162749456725
r5,19,12,29,real,-0.08606771265364332
r5,19,12,29,null,-0.5538611186833946
r5,19,16,29,real,-0.2277507630798974
r5,19,16,29,null,-0.5352197423873233
r5,19,24,29,real,-9.43689570931383e-15
r5,19,24,29,null,2.220446049250313e-16
r5,29,1,11,real,0.07568986242553277
r5,29,1,11,null,-0.05540649599029679
r5,29,2,11,real,0.1417041158247806
r5,29,2,11,null,-0.11612812850062981
r5,29,3,11,real,0.18202604328501681
r5,29,3,11,null,-0.18091790373118555
r5,29,5,11,real,0.25412299207525113
r5,29,5,11,null,-0.2821995693172489
r5,29,8,11,real,0.13575687436362038
r5,29,8,11,null,-0.3958699596627063
r5,29,12,11,real,-0.02428239662478482
r5,29,12,11,null,-0.5384991931786379
r5,29,16,11,real,-0.21199028280784982
r5,29,16,11,null,-0.6365052578425846
r5,29,24,11,real,-2.1094237467877974e-15
r5,29,24,11,null,0.0
r5,29,1,29,real,0.07376954853822792
r5,29,1,29,null,-0.06009391253812668
r5,29,2,29,real,0.14327164415115723
r5,29,2,29,null,-0.12149662002003392
r5,29,3,29,real,0.18356201541514916
r5,29,3,29,null,-0.18064328938821872
r5,29,5,29,real,0.2512653473569493
r5,29,5,29,null,-0.2693886274592793
r5,29,8,29,real,0.12731282193863647
r5,29,8,29,null,-0.3818943598724934
r5,29,12,29,real,-0.04363268301243872
r5,29,12,29,null,-0.5140368628921171
r5,29,16,29,real,-0.20175478208103836
r5,29,16,29,null,-0.6030372381894072
r5,29,24,29,real,-1.5543122344752192e-15
r5,29,24,29,null,0.0
