min_resp,min_opt,seed,n_blocks,split,deficit
600,8,3,48,sex,0.07844376805813003
600,8,3,48,modality,0.03275093130405016
600,8,3,48,placebo,-0.01031618180769589
600,8,13,48,sex,0.08246564997790262
600,8,13,48,modality,0.03505497659054002
600,8,13,48,placebo,-0.008224044667623942
600,8,23,48,sex,0.07907000824731958
600,8,23,48,modality,-0.00633106513434456
600,8,23,48,placebo,-0.009131573217633138
600,8,33,48,sex,0.08997588623493924
600,8,33,48,modality,-0.009577340745603902
600,8,33,48,placebo,-0.0030393311788404764
600,8,43,48,sex,0.08577995040002662
600,8,43,48,modality,0.026614769598780952
600,8,43,48,placebo,-0.0049972593904412665
600,10,3,37,sex,0.08786598436654458
600,10,3,37,modality,0.029619167206238806
600,10,3,37,placebo,3.0953661031341007e-05
600,10,13,37,sex,0.09006387272279315
600,10,13,37,modality,0.034680298941704324
600,10,13,37,placebo,-0.0016549786673347722
600,10,23,37,sex,0.08437459531847558
600,10,23,37,modality,0.03303204418719985
600,10,23,37,placebo,-0.0018439572749542332
600,10,33,37,sex,0.08605197746496562
600,10,33,37,modality,0.0012700568590121586
600,10,33,37,placebo,-9.31586905990045e-05
600,10,43,37,sex,0.08328574921465692
600,10,43,37,modality,-0.017092228392684206
600,10,43,37,placebo,-0.0027608335122285554
600,12,3,24,sex,0.06730936533792398
600,12,3,24,modality,0.03937508424194436
600,12,3,24,placebo,0.0032057191299303955
600,12,13,24,sex,0.07154963810643145
600,12,13,24,modality,0.007529407222859774
600,12,13,24,placebo,0.0027776121415570287
600,12,23,24,sex,0.071471393844185
600,12,23,24,modality,0.006455579998872807
600,12,23,24,placebo,0.0017417861089413789
600,12,33,24,sex,0.07409255481146027
600,12,33,24,modality,0.043956568072804236
600,12,33,24,placebo,-0.0002459905955363162
600,12,43,24,sex,0.08261308272909851
600,12,43,24,modality,0.028484844982934687
600,12,43,24,placebo,-0.0006372985302068868
1200,8,3,42,sex,0.08271173633570972
1200,8,3,42,modality,0.03527712436784747
1200,8,3,42,placebo,-0.010610869301239778
1200,8,13,42,sex,0.08676793621874346
1200,8,13,42,modality,0.011499669414896552
1200,8,13,42,placebo,-0.0029869868074740014
1200,8,23,42,sex,0.08992455863918203
1200,8,23,42,modality,0.02677927765046939
1200,8,23,42,placebo,-0.004989860446402816
1200,8,33,42,sex,0.09305996426492613
1200,8,33,42,modality,0.022266088180942112
1200,8,33,42,placebo,-0.001207688956159081
1200,8,43,42,sex,0.0814969372279084
1200,8,43,42,modality,-0.018312807752752236
1200,8,43,42,placebo,-0.006470227925012062
1200,10,3,32,sex,0.08219232004774502
1200,10,3,32,modality,0.027441572577450613
1200,10,3,32,placebo,-0.0017536791772122529
1200,10,13,32,sex,0.08448574313102863
1200,10,13,32,modality,0.018336956918856062
1200,10,13,32,placebo,0.0010130469567569689
1200,10,23,32,sex,0.08629821379846214
1200,10,23,32,modality,0.017939922563518507
1200,10,23,32,placebo,-0.0034393753676885686
1200,10,33,32,sex,0.09035132648125443
1200,10,33,32,modality,0.037962436009089884
1200,10,33,32,placebo,0.0004961332530603046
1200,10,43,32,sex,0.08764429841009702
1200,10,43,32,modality,0.038065313992061145
1200,10,43,32,placebo,0.0019334422372221383
1200,12,3,22,sex,0.07188567582158978
1200,12,3,22,modality,0.02792447479783189
1200,12,3,22,placebo,0.001631171985525759
1200,12,13,22,sex,0.06501520458437926
1200,12,13,22,modality,0.022519320130529485
1200,12,13,22,placebo,-0.0006065614849860568
1200,12,23,22,sex,0.06519644125659962
1200,12,23,22,modality,0.019123798387305713
1200,12,23,22,placebo,-8.293186365837535e-05
1200,12,33,22,sex,0.07065828935143836
1200,12,33,22,modality,0.04655461444682363
1200,12,33,22,placebo,-0.0018329963763387136
1200,12,43,22,sex,0.07133379020855735
1200,12,43,22,modality,0.02033677335822137
1200,12,43,22,placebo,-0.00240664679571434
2000,8,3,26,sex,0.09528578212870498
2000,8,3,26,modality,0.008832112870805986
2000,8,3,26,placebo,-0.000913918773122302
2000,8,13,26,sex,0.08773070778936576
2000,8,13,26,modality,0.038462600590902674
2000,8,13,26,placebo,0.00044616795841156964
2000,8,23,26,sex,0.10879177566257192
2000,8,23,26,modality,0.05078278161540084
2000,8,23,26,placebo,0.0017215744098596497
2000,8,33,26,sex,0.09765301398397741
2000,8,33,26,modality,0.06299603772838924
2000,8,33,26,placebo,0.003030860391465162
2000,8,43,26,sex,0.09700007616365303
2000,8,43,26,modality,0.035876060262844844
2000,8,43,26,placebo,0.0014118479031806075
2000,10,3,22,sex,0.09557594846937745
2000,10,3,22,modality,0.026723947073772236
2000,10,3,22,placebo,-0.00556326988549849
2000,10,13,22,sex,0.08968902652908595
2000,10,13,22,modality,0.04771333811835998
2000,10,13,22,placebo,-0.0047902447563563655
2000,10,23,22,sex,0.0941037787634339
2000,10,23,22,modality,0.03274666777476953
2000,10,23,22,placebo,-0.00514967391057175
2000,10,33,22,sex,0.09576972075946244
2000,10,33,22,modality,-0.0256136395889085
2000,10,33,22,placebo,-0.003334024042897621
2000,10,43,22,sex,0.08772052360574811
2000,10,43,22,modality,0.02143937079264424
2000,10,43,22,placebo,-0.003009172436892249
2000,12,3,17,sex,0.068701238224398
2000,12,3,17,modality,0.027477120513550113
2000,12,3,17,placebo,0.004367727150610179
2000,12,13,17,sex,0.07245334937495407
2000,12,13,17,modality,0.017221414683939562
2000,12,13,17,placebo,0.00228660258459612
2000,12,23,17,sex,0.0714940718468502
2000,12,23,17,modality,0.021973845868708985
2000,12,23,17,placebo,-0.0018613994121728927
2000,12,33,17,sex,0.07267069406263882
2000,12,33,17,modality,0.003457313462624012
2000,12,33,17,placebo,-0.0007396107103809779
2000,12,43,17,sex,0.07227209820738856
2000,12,43,17,modality,0.025666328641423264
2000,12,43,17,placebo,0.006203666846571809
