v_sent,refs,has_置换分位数,has_MDE/CI,has_正对照灵敏度,full
"The degrees-of-freedom floor is **0.14%**, and the same pipeline reaches **49%** when a ",#264 #301 #302,True,False,True,False
> **Two readings this does not license.** It does *not* mean the findings are empty (the,#264 #301 #302,True,False,True,False
It does *not* mean sexual > preference is mostly random — **1.4% is the reach of *these ,#264 #301 #302,True,False,True,False
Both numbers are legitimate and they answer different questions — 1.390% is what these c,#264 #301 #302,True,False,True,False
"> **But the honest reading is not ""A wins.""** The most reliable person-level structure i",#179 #229 #232,True,True,True,True
| pick count near-absent on the onset instrument (+0.0428) | | **Breadth profile** — the,#252 #254 #255 #257 #258 #259 #277 #278 #283 #289,True,True,True,True
"> ⚠ **This table is built on the pooled sample, and the six coordinates are not the same",#285 #286 #288 #293 #294 #296 #298 #299 #304 #308 #311,True,True,True,True
⚠ **`#293`–`#294`: the two groups do not even agree on what counts as uncommon.** The ra,#285 #286 #288 #293 #294 #296 #298 #299 #304 #308 #311,True,True,True,True
⚠ **But giving each group its own ruler does not remove the non-invariance**: rebuilt wi,#285 #286 #288 #293 #294 #296 #298 #299 #304 #308 #311,True,True,True,True
⚠ **`#296`: the outcome side is not yet controlled.** A group difference in the joint-R²,#285 #286 #288 #293 #294 #296 #298 #299 #304 #308 #311,True,True,True,True
"**The earlier reading that only content carries shame held on the full option set, where",#285 #286 #288 #293 #294 #296 #298 #299 #304 #308 #311,True,True,True,True
"**This is a null with power, not an absence of evidence.** ⚠ **`#311`: and nothing buffe",#285 #286 #288 #293 #294 #296 #298 #299 #304 #308 #311,True,True,True,True
"Everything else in > this project ends up pointing at it — position +0.1185, breadth-typ",#278,True,True,True,True
"Width is driven by **how many outcomes sit near the threshold**, not by how strong the s",#233,False,True,True,False
"The ""when"" is not.** | Same people, same split procedure, same number of units *k*: **""h",#26 #63 #69 #75 #88 #90 #99 #100 #101 #102 #104 #107 #110 #114 #116 #117 #118 #119 #128 #129 #130 #131 #132 #133 #134 #135 #136 #137 #138 #139 #140 #141 #142 #143 #146 #147 #148 #149 #150 #151 #152 #153 #154 #157 #159 #160 #161 #162 #163 #164 #165 #167 #179 #184 #186 #188 #189 #192 #201 #211 #212 #213 #218 #227 #228 #229 #230 #231 #232 #235 #236 #237 #238 #239 #241 #243 #245 #247 #286 #289 #290,True,True,True,True
"**And this is not an instrument limit**: plant a person-specific signal into the ""when"" ",#26 #63 #69 #75 #88 #90 #99 #100 #101 #102 #104 #107 #110 #114 #116 #117 #118 #119 #128 #129 #130 #131 #132 #133 #134 #135 #136 #137 #138 #139 #140 #141 #142 #143 #146 #147 #148 #149 #150 #151 #152 #153 #154 #157 #159 #160 #161 #162 #163 #164 #165 #167 #179 #184 #186 #188 #189 #192 #201 #211 #212 #213 #218 #227 #228 #229 #230 #231 #232 #235 #236 #237 #238 #239 #241 #243 #245 #247 #286 #289 #290,True,True,True,True
"**A second, independent way of asking ""when"" gives the same small number** (`#161`: ""how",#26 #63 #69 #75 #88 #90 #99 #100 #101 #102 #104 #107 #110 #114 #116 #117 #118 #119 #128 #129 #130 #131 #132 #133 #134 #135 #136 #137 #138 #139 #140 #141 #142 #143 #146 #147 #148 #149 #150 #151 #152 #153 #154 #157 #159 #160 #161 #162 #163 #164 #165 #167 #179 #184 #186 #188 #189 #192 #201 #211 #212 #213 #218 #227 #228 #229 #230 #231 #232 #235 #236 #237 #238 #239 #241 #243 #245 #247 #286 #289 #290,True,True,True,True
"Using it to guess which of any two interests came first reaches **66.852 ± 0.191**, agai",#26 #63 #69 #75 #88 #90 #99 #100 #101 #102 #104 #107 #110 #114 #116 #117 #118 #119 #128 #129 #130 #131 #132 #133 #134 #135 #136 #137 #138 #139 #140 #141 #142 #143 #146 #147 #148 #149 #150 #151 #152 #153 #154 #157 #159 #160 #161 #162 #163 #164 #165 #167 #179 #184 #186 #188 #189 #192 #201 #211 #212 #213 #218 #227 #228 #229 #230 #231 #232 #235 #236 #237 #238 #239 #241 #243 #245 #247 #286 #289 #290,True,True,True,True
Content dominates every *predictability* measure (3.5–5.6×) **purely because it is estim,#26 #63 #69 #75 #88 #90 #99 #100 #101 #102 #104 #107 #110 #114 #116 #117 #118 #119 #128 #129 #130 #131 #132 #133 #134 #135 #136 #137 #138 #139 #140 #141 #142 #143 #146 #147 #148 #149 #150 #151 #152 #153 #154 #157 #159 #160 #161 #162 #163 #164 #165 #167 #179 #184 #186 #188 #189 #192 #201 #211 #212 #213 #218 #227 #228 #229 #230 #231 #232 #235 #236 #237 #238 #239 #241 #243 #245 #247 #286 #289 #290,True,True,True,True
"The item main effect has a closed form: measured R² = **0.994**, slope 0.988, and comple",#26 #63 #69 #75 #88 #90 #99 #100 #101 #102 #104 #107 #110 #114 #116 #117 #118 #119 #128 #129 #130 #131 #132 #133 #134 #135 #136 #137 #138 #139 #140 #141 #142 #143 #146 #147 #148 #149 #150 #151 #152 #153 #154 #157 #159 #160 #161 #162 #163 #164 #165 #167 #179 #184 #186 #188 #189 #192 #201 #211 #212 #213 #218 #227 #228 #229 #230 #231 #232 #235 #236 #237 #238 #239 #241 #243 #245 #247 #286 #289 #290,True,True,True,True
**And it is not a shadow of sex** (`#164`): regressing sex out of *every* block-level sc,#26 #63 #69 #75 #88 #90 #99 #100 #101 #102 #104 #107 #110 #114 #116 #117 #118 #119 #128 #129 #130 #131 #132 #133 #134 #135 #136 #137 #138 #139 #140 #141 #142 #143 #146 #147 #148 #149 #150 #151 #152 #153 #154 #157 #159 #160 #161 #162 #163 #164 #165 #167 #179 #184 #186 #188 #189 #192 #201 #211 #212 #213 #218 #227 #228 #229 #230 #231 #232 #235 #236 #237 #238 #239 #241 #243 #245 #247 #286 #289 #290,True,True,True,True
"**And it is not a projection of a bigger ""content"" dimension** (`#165`): scoring people ",#26 #63 #69 #75 #88 #90 #99 #100 #101 #102 #104 #107 #110 #114 #116 #117 #118 #119 #128 #129 #130 #131 #132 #133 #134 #135 #136 #137 #138 #139 #140 #141 #142 #143 #146 #147 #148 #149 #150 #151 #152 #153 #154 #157 #159 #160 #161 #162 #163 #164 #165 #167 #179 #184 #186 #188 #189 #192 #201 #211 #212 #213 #218 #227 #228 #229 #230 #231 #232 #235 #236 #237 #238 #239 #241 #243 #245 #247 #286 #289 #290,True,True,True,True
**Which content you prefer is largely shared; where you sit on the uncommon–common axis ,#26 #63 #69 #75 #88 #90 #99 #100 #101 #102 #104 #107 #110 #114 #116 #117 #118 #119 #128 #129 #130 #131 #132 #133 #134 #135 #136 #137 #138 #139 #140 #141 #142 #143 #146 #147 #148 #149 #150 #151 #152 #153 #154 #157 #159 #160 #161 #162 #163 #164 #165 #167 #179 #184 #186 #188 #189 #192 #201 #211 #212 #213 #218 #227 #228 #229 #230 #231 #232 #235 #236 #237 #238 #239 #241 #243 #245 #247 #286 #289 #290,True,True,True,True
The internal discriminant: on the same pipeline the *therapeutic* item starts at +0.0937,#26 #63 #69 #75 #88 #90 #99 #100 #101 #102 #104 #107 #110 #114 #116 #117 #118 #119 #128 #129 #130 #131 #132 #133 #134 #135 #136 #137 #138 #139 #140 #141 #142 #143 #146 #147 #148 #149 #150 #151 #152 #153 #154 #157 #159 #160 #161 #162 #163 #164 #165 #167 #179 #184 #186 #188 #189 #192 #201 #211 #212 #213 #218 #227 #228 #229 #230 #231 #232 #235 #236 #237 #238 #239 #241 #243 #245 #247 #286 #289 #290,True,True,True,True
"**Cross-sectional self-report — ""uncommon → shame"" and ""shame → only dare to want the un",#26 #63 #69 #75 #88 #90 #99 #100 #101 #102 #104 #107 #110 #114 #116 #117 #118 #119 #128 #129 #130 #131 #132 #133 #134 #135 #136 #137 #138 #139 #140 #141 #142 #143 #146 #147 #148 #149 #150 #151 #152 #153 #154 #157 #159 #160 #161 #162 #163 #164 #165 #167 #179 #184 #186 #188 #189 #192 #201 #211 #212 #213 #218 #227 #228 #229 #230 #231 #232 #235 #236 #237 #238 #239 #241 #243 #245 #247 #286 #289 #290,True,True,True,True
The **ordinary** half predicts shame at **−0.0618 ± 0.0128** and the **transgressive** h,#26 #63 #69 #75 #88 #90 #99 #100 #101 #102 #104 #107 #110 #114 #116 #117 #118 #119 #128 #129 #130 #131 #132 #133 #134 #135 #136 #137 #138 #139 #140 #141 #142 #143 #146 #147 #148 #149 #150 #151 #152 #153 #154 #157 #159 #160 #161 #162 #163 #164 #165 #167 #179 #184 #186 #188 #189 #192 #201 #211 #212 #213 #218 #227 #228 #229 #230 #231 #232 #235 #236 #237 #238 #239 #241 #243 #245 #247 #286 #289 #290,True,True,True,True
"**Being broad about ordinary things goes with *less* shame; the same breadth, moved to w",#26 #63 #69 #75 #88 #90 #99 #100 #101 #102 #104 #107 #110 #114 #116 #117 #118 #119 #128 #129 #130 #131 #132 #133 #134 #135 #136 #137 #138 #139 #140 #141 #142 #143 #146 #147 #148 #149 #150 #151 #152 #153 #154 #157 #159 #160 #161 #162 #163 #164 #165 #167 #179 #184 #186 #188 #189 #192 #201 #211 #212 #213 #218 #227 #228 #229 #230 #231 #232 #235 #236 #237 #238 #239 #241 #243 #245 #247 #286 #289 #290,True,True,True,True
"**But the two scores correlate only +0.1336, which is 24.5% of their attenuation ceiling",#26 #63 #69 #75 #88 #90 #99 #100 #101 #102 #104 #107 #110 #114 #116 #117 #118 #119 #128 #129 #130 #131 #132 #133 #134 #135 #136 #137 #138 #139 #140 #141 #142 #143 #146 #147 #148 #149 #150 #151 #152 #153 #154 #157 #159 #160 #161 #162 #163 #164 #165 #167 #179 #184 #186 #188 #189 #192 #201 #211 #212 #213 #218 #227 #228 #229 #230 #231 #232 #235 #236 #237 #238 #239 #241 #243 #245 #247 #286 #289 #290,True,True,True,True
"**So ""opening in rarer domains ↔ shame"" is about people; the profile's dimensionality, t",#26 #63 #69 #75 #88 #90 #99 #100 #101 #102 #104 #107 #110 #114 #116 #117 #118 #119 #128 #129 #130 #131 #132 #133 #134 #135 #136 #137 #138 #139 #140 #141 #142 #143 #146 #147 #148 #149 #150 #151 #152 #153 #154 #157 #159 #160 #161 #162 #163 #164 #165 #167 #179 #184 #186 #188 #189 #192 #201 #211 #212 #213 #218 #227 #228 #229 #230 #231 #232 #235 #236 #237 #238 #239 #241 #243 #245 #247 #286 #289 #290,True,True,True,True
"**So 0.9379 is not ""twice as strong"" as 0.4290 — it is a quantity that asks how many dir",#26 #63 #69 #75 #88 #90 #99 #100 #101 #102 #104 #107 #110 #114 #116 #117 #118 #119 #128 #129 #130 #131 #132 #133 #134 #135 #136 #137 #138 #139 #140 #141 #142 #143 #146 #147 #148 #149 #150 #151 #152 #153 #154 #157 #159 #160 #161 #162 #163 #164 #165 #167 #179 #184 #186 #188 #189 #192 #201 #211 #212 #213 #218 #227 #228 #229 #230 #231 #232 #235 #236 #237 #238 #239 #241 #243 #245 #247 #286 #289 #290,True,True,True,True
"Entered together (n=4,574) the **early** half predicts shame at **+0.1307 ± 0.0137** and",#26 #63 #69 #75 #88 #90 #99 #100 #101 #102 #104 #107 #110 #114 #116 #117 #118 #119 #128 #129 #130 #131 #132 #133 #134 #135 #136 #137 #138 #139 #140 #141 #142 #143 #146 #147 #148 #149 #150 #151 #152 #153 #154 #157 #159 #160 #161 #162 #163 #164 #165 #167 #179 #184 #186 #188 #189 #192 #201 #211 #212 #213 #218 #227 #228 #229 #230 #231 #232 #235 #236 #237 #238 #239 #241 #243 #245 #247 #286 #289 #290,True,True,True,True
"**Shame tracks how uncommon the things you wanted earliest were, not where you later wen",#26 #63 #69 #75 #88 #90 #99 #100 #101 #102 #104 #107 #110 #114 #116 #117 #118 #119 #128 #129 #130 #131 #132 #133 #134 #135 #136 #137 #138 #139 #140 #141 #142 #143 #146 #147 #148 #149 #150 #151 #152 #153 #154 #157 #159 #160 #161 #162 #163 #164 #165 #167 #179 #184 #186 #188 #189 #192 #201 #211 #212 #213 #218 #227 #228 #229 #230 #231 #232 #235 #236 #237 #238 #239 #241 #243 #245 #247 #286 #289 #290,True,True,True,True
"**This is a fact about the self-reported timeline, not about developmental order** ⚠ **`",#26 #63 #69 #75 #88 #90 #99 #100 #101 #102 #104 #107 #110 #114 #116 #117 #118 #119 #128 #129 #130 #131 #132 #133 #134 #135 #136 #137 #138 #139 #140 #141 #142 #143 #146 #147 #148 #149 #150 #151 #152 #153 #154 #157 #159 #160 #161 #162 #163 #164 #165 #167 #179 #184 #186 #188 #189 #192 #201 #211 #212 #213 #218 #227 #228 #229 #230 #231 #232 #235 #236 #237 #238 #239 #241 #243 #245 #247 #286 #289 #290,True,True,True,True
**On the same people the asymmetry retains 70.2%** (−0.0690 → −0.0484) yet is **no longe,#26 #63 #69 #75 #88 #90 #99 #100 #101 #102 #104 #107 #110 #114 #116 #117 #118 #119 #128 #129 #130 #131 #132 #133 #134 #135 #136 #137 #138 #139 #140 #141 #142 #143 #146 #147 #148 #149 #150 #151 #152 #153 #154 #157 #159 #160 #161 #162 #163 #164 #165 #167 #179 #184 #186 #188 #189 #192 #201 #211 #212 #213 #218 #227 #228 #229 #230 #231 #232 #235 #236 #237 #238 #239 #241 #243 #245 #247 #286 #289 #290,True,True,True,True
⚠ **`#290`: this correlation is the same in both sexes** — +0.1297 ± 0.0188 and +0.1081 ,#26 #63 #69 #75 #88 #90 #99 #100 #101 #102 #104 #107 #110 #114 #116 #117 #118 #119 #128 #129 #130 #131 #132 #133 #134 #135 #136 #137 #138 #139 #140 #141 #142 #143 #146 #147 #148 #149 #150 #151 #152 #153 #154 #157 #159 #160 #161 #162 #163 #164 #165 #167 #179 #184 #186 #188 #189 #192 #201 #211 #212 #213 #218 #227 #228 #229 #230 #231 #232 #235 #236 #237 #238 #239 #241 #243 #245 #247 #286 #289 #290,True,True,True,True
"**Position clears on 9 of 20, led by shame (+0.1155)**; **the content residual clears on",#26 #63 #69 #75 #88 #90 #99 #100 #101 #102 #104 #107 #110 #114 #116 #117 #118 #119 #128 #129 #130 #131 #132 #133 #134 #135 #136 #137 #138 #139 #140 #141 #142 #143 #146 #147 #148 #149 #150 #151 #152 #153 #154 #157 #159 #160 #161 #162 #163 #164 #165 #167 #179 #184 #186 #188 #189 #192 #201 #211 #212 #213 #218 #227 #228 #229 #230 #231 #232 #235 #236 #237 #238 #239 #241 #243 #245 #247 #286 #289 #290,True,True,True,True
"⚠ **`#201` withdraws the ""medium (drawn vs written)"" reading**: `corr(animated, written)",#26 #63 #69 #75 #88 #90 #99 #100 #101 #102 #104 #107 #110 #114 #116 #117 #118 #119 #128 #129 #130 #131 #132 #133 #134 #135 #136 #137 #138 #139 #140 #141 #142 #143 #146 #147 #148 #149 #150 #151 #152 #153 #154 #157 #159 #160 #161 #162 #163 #164 #165 #167 #179 #184 #186 #188 #189 #192 #201 #211 #212 #213 #218 #227 #228 #229 #230 #231 #232 #235 #236 #237 #238 #239 #241 #243 #245 #247 #286 #289 #290,True,True,True,True
"⚠ **This split is partly produced by controlling pick count**: evaluated *marginally*, t",#26 #63 #69 #75 #88 #90 #99 #100 #101 #102 #104 #107 #110 #114 #116 #117 #118 #119 #128 #129 #130 #131 #132 #133 #134 #135 #136 #137 #138 #139 #140 #141 #142 #143 #146 #147 #148 #149 #150 #151 #152 #153 #154 #157 #159 #160 #161 #162 #163 #164 #165 #167 #179 #184 #186 #188 #189 #192 #201 #211 #212 #213 #218 #227 #228 #229 #230 #231 #232 #235 #236 #237 #238 #239 #241 #243 #245 #247 #286 #289 #290,True,True,True,True
"⚠ **The orthogonality is constructed, and the raw dimensions are not orthogonal at all**",#26 #63 #69 #75 #88 #90 #99 #100 #101 #102 #104 #107 #110 #114 #116 #117 #118 #119 #128 #129 #130 #131 #132 #133 #134 #135 #136 #137 #138 #139 #140 #141 #142 #143 #146 #147 #148 #149 #150 #151 #152 #153 #154 #157 #159 #160 #161 #162 #163 #164 #165 #167 #179 #184 #186 #188 #189 #192 #201 #211 #212 #213 #218 #227 #228 #229 #230 #231 #232 #235 #236 #237 #238 #239 #241 #243 #245 #247 #286 #289 #290,True,True,True,True
The three named directions all survive **with the same sign** — `animated` **−0.0522** (,#26 #63 #69 #75 #88 #90 #99 #100 #101 #102 #104 #107 #110 #114 #116 #117 #118 #119 #128 #129 #130 #131 #132 #133 #134 #135 #136 #137 #138 #139 #140 #141 #142 #143 #146 #147 #148 #149 #150 #151 #152 #153 #154 #157 #159 #160 #161 #162 #163 #164 #165 #167 #179 #184 #186 #188 #189 #192 #201 #211 #212 #213 #218 #227 #228 #229 #230 #231 #232 #235 #236 #237 #238 #239 #241 #243 #245 #247 #286 #289 #290,True,True,True,True
**The raw breadth reading does not depend on any of this**: it is +0.8320 aligned and **,#26 #63 #69 #75 #88 #90 #99 #100 #101 #102 #104 #107 #110 #114 #116 #117 #118 #119 #128 #129 #130 #131 #132 #133 #134 #135 #136 #137 #138 #139 #140 #141 #142 #143 #146 #147 #148 #149 #150 #151 #152 #153 #154 #157 #159 #160 #161 #162 #163 #164 #165 #167 #179 #184 #186 #188 #189 #192 #201 #211 #212 #213 #218 #227 #228 #229 #230 #231 #232 #235 #236 #237 #238 #239 #241 #243 #245 #247 #286 #289 #290,True,True,True,True
"⚠ Reported at `D6`, not as settled: the positive control's registered clause failed (0.4",#26 #63 #69 #75 #88 #90 #99 #100 #101 #102 #104 #107 #110 #114 #116 #117 #118 #119 #128 #129 #130 #131 #132 #133 #134 #135 #136 #137 #138 #139 #140 #141 #142 #143 #146 #147 #148 #149 #150 #151 #152 #153 #154 #157 #159 #160 #161 #162 #163 #164 #165 #167 #179 #184 #186 #188 #189 #192 #201 #211 #212 #213 #218 #227 #228 #229 #230 #231 #232 #235 #236 #237 #238 #239 #241 #243 #245 #247 #286 #289 #290,True,True,True,True
"Scope is narrow: this refutes «breadth is *only* a global response style», **not** «the ",#26 #63 #69 #75 #88 #90 #99 #100 #101 #102 #104 #107 #110 #114 #116 #117 #118 #119 #128 #129 #130 #131 #132 #133 #134 #135 #136 #137 #138 #139 #140 #141 #142 #143 #146 #147 #148 #149 #150 #151 #152 #153 #154 #157 #159 #160 #161 #162 #163 #164 #165 #167 #179 #184 #186 #188 #189 #192 #201 #211 #212 #213 #218 #227 #228 #229 #230 #231 #232 #235 #236 #237 #238 #239 #241 #243 #245 #247 #286 #289 #290,True,True,True,True
⚠ **`#211` adds the boundary this claim never had**: rerun through the same pipeline wit,#26 #63 #69 #75 #88 #90 #99 #100 #101 #102 #104 #107 #110 #114 #116 #117 #118 #119 #128 #129 #130 #131 #132 #133 #134 #135 #136 #137 #138 #139 #140 #141 #142 #143 #146 #147 #148 #149 #150 #151 #152 #153 #154 #157 #159 #160 #161 #162 #163 #164 #165 #167 #179 #184 #186 #188 #189 #192 #201 #211 #212 #213 #218 #227 #228 #229 #230 #231 #232 #235 #236 #237 #238 #239 #241 #243 #245 #247 #286 #289 #290,True,True,True,True
"**indistinguishable from zero at every cap**, while the uncapped arm gives −0.0328 (8.9×",#26 #63 #69 #75 #88 #90 #99 #100 #101 #102 #104 #107 #110 #114 #116 #117 #118 #119 #128 #129 #130 #131 #132 #133 #134 #135 #136 #137 #138 #139 #140 #141 #142 #143 #146 #147 #148 #149 #150 #151 #152 #153 #154 #157 #159 #160 #161 #162 #163 #164 #165 #167 #179 #184 #186 #188 #189 #192 #201 #211 #212 #213 #218 #227 #228 #229 #230 #231 #232 #235 #236 #237 #238 #239 #241 #243 #245 #247 #286 #289 #290,True,True,True,True
**So Δ is carried by later onsets and is absent among early ones** — and `#213` shows th,#26 #63 #69 #75 #88 #90 #99 #100 #101 #102 #104 #107 #110 #114 #116 #117 #118 #119 #128 #129 #130 #131 #132 #133 #134 #135 #136 #137 #138 #139 #140 #141 #142 #143 #146 #147 #148 #149 #150 #151 #152 #153 #154 #157 #159 #160 #161 #162 #163 #164 #165 #167 #179 #184 #186 #188 #189 #192 #201 #211 #212 #213 #218 #227 #228 #229 #230 #231 #232 #235 #236 #237 #238 #239 #241 #243 #245 #247 #286 #289 #290,True,True,True,True
"~5 distinct cuts, and the right end rests on n=1,944.) ⚠ **`#218` bounds the right end**",#26 #63 #69 #75 #88 #90 #99 #100 #101 #102 #104 #107 #110 #114 #116 #117 #118 #119 #128 #129 #130 #131 #132 #133 #134 #135 #136 #137 #138 #139 #140 #141 #142 #143 #146 #147 #148 #149 #150 #151 #152 #153 #154 #157 #159 #160 #161 #162 #163 #164 #165 #167 #179 #184 #186 #188 #189 #192 #201 #211 #212 #213 #218 #227 #228 #229 #230 #231 #232 #235 #236 #237 #238 #239 #241 #243 #245 #247 #286 #289 #290,True,True,True,True
"**`#212` separates the two readings and it is the window, not the artifact**: splitting ",#26 #63 #69 #75 #88 #90 #99 #100 #101 #102 #104 #107 #110 #114 #116 #117 #118 #119 #128 #129 #130 #131 #132 #133 #134 #135 #136 #137 #138 #139 #140 #141 #142 #143 #146 #147 #148 #149 #150 #151 #152 #153 #154 #157 #159 #160 #161 #162 #163 #164 #165 #167 #179 #184 #186 #188 #189 #192 #201 #211 #212 #213 #218 #227 #228 #229 #230 #231 #232 #235 #236 #237 #238 #239 #241 #243 #245 #247 #286 #289 #290,True,True,True,True
**The full-sample −0.0328 was diluted by the pre-14 stretch where the effect does not ex,#26 #63 #69 #75 #88 #90 #99 #100 #101 #102 #104 #107 #110 #114 #116 #117 #118 #119 #128 #129 #130 #131 #132 #133 #134 #135 #136 #137 #138 #139 #140 #141 #142 #143 #146 #147 #148 #149 #150 #151 #152 #153 #154 #157 #159 #160 #161 #162 #163 #164 #165 #167 #179 #184 #186 #188 #189 #192 #201 #211 #212 #213 #218 #227 #228 #229 #230 #231 #232 #235 #236 #237 #238 #239 #241 #243 #245 #247 #286 #289 #290,True,True,True,True
**Range restriction cannot explain it**: the early group has *lower* within-person onset,#26 #63 #69 #75 #88 #90 #99 #100 #101 #102 #104 #107 #110 #114 #116 #117 #118 #119 #128 #129 #130 #131 #132 #133 #134 #135 #136 #137 #138 #139 #140 #141 #142 #143 #146 #147 #148 #149 #150 #151 #152 #153 #154 #157 #159 #160 #161 #162 #163 #164 #165 #167 #179 #184 #186 #188 #189 #192 #201 #211 #212 #213 #218 #227 #228 #229 #230 #231 #232 #235 #236 #237 #238 #239 #241 #243 #245 #247 #286 #289 #290,True,True,True,True
"**There are not two kinds of people; there is one line, and it crosses zero at about 17½",#26 #63 #69 #75 #88 #90 #99 #100 #101 #102 #104 #107 #110 #114 #116 #117 #118 #119 #128 #129 #130 #131 #132 #133 #134 #135 #136 #137 #138 #139 #140 #141 #142 #143 #146 #147 #148 #149 #150 #151 #152 #153 #154 #157 #159 #160 #161 #162 #163 #164 #165 #167 #179 #184 #186 #188 #189 #192 #201 #211 #212 #213 #218 #227 #228 #229 #230 #231 #232 #235 #236 #237 #238 #239 #241 #243 #245 #247 #286 #289 #290,True,True,True,True
**A quantity whose range is 13× its own mean carries almost no information as a populati,#26 #63 #69 #75 #88 #90 #99 #100 #101 #102 #104 #107 #110 #114 #116 #117 #118 #119 #128 #129 #130 #131 #132 #133 #134 #135 #136 #137 #138 #139 #140 #141 #142 #143 #146 #147 #148 #149 #150 #151 #152 #153 #154 #157 #159 #160 #161 #162 #163 #164 #165 #167 #179 #184 #186 #188 #189 #192 #201 #211 #212 #213 #218 #227 #228 #229 #230 #231 #232 #235 #236 #237 #238 #239 #241 #243 #245 #247 #286 #289 #290,True,True,True,True
⚠ **The model-level direction is withdrawn**: a naming-independent structural test (`#13,#26 #63 #69 #75 #88 #90 #99 #100 #101 #102 #104 #107 #110 #114 #116 #117 #118 #119 #128 #129 #130 #131 #132 #133 #134 #135 #136 #137 #138 #139 #140 #141 #142 #143 #146 #147 #148 #149 #150 #151 #152 #153 #154 #157 #159 #160 #161 #162 #163 #164 #165 #167 #179 #184 #186 #188 #189 #192 #201 #211 #212 #213 #218 #227 #228 #229 #230 #231 #232 #235 #236 #237 #238 #239 #241 #243 #245 #247 #286 #289 #290,True,True,True,True
"Openness (+0.0593, 4.1×) and powerlessness (−0.0441, 2.8×) really do anchor only the lat",#26 #63 #69 #75 #88 #90 #99 #100 #101 #102 #104 #107 #110 #114 #116 #117 #118 #119 #128 #129 #130 #131 #132 #133 #134 #135 #136 #137 #138 #139 #140 #141 #142 #143 #146 #147 #148 #149 #150 #151 #152 #153 #154 #157 #159 #160 #161 #162 #163 #164 #165 #167 #179 #184 #186 #188 #189 #192 #201 #211 #212 #213 #218 #227 #228 #229 #230 #231 #232 #235 #236 #237 #238 #239 #241 #243 #245 #247 #286 #289 #290,True,True,True,True
"The two families differ in organisation and in arrival, but not in **external causes** |",#26 #63 #69 #75 #88 #90 #99 #100 #101 #102 #104 #107 #110 #114 #116 #117 #118 #119 #128 #129 #130 #131 #132 #133 #134 #135 #136 #137 #138 #139 #140 #141 #142 #143 #146 #147 #148 #149 #150 #151 #152 #153 #154 #157 #159 #160 #161 #162 #163 #164 #165 #167 #179 #184 #186 #188 #189 #192 #201 #211 #212 #213 #218 #227 #228 #229 #230 #231 #232 #235 #236 #237 #238 #239 #241 #243 #245 #247 #286 #289 #290,True,True,True,True
**It is one package in time and not one thing in preference structure** — the concrete f,#26 #63 #69 #75 #88 #90 #99 #100 #101 #102 #104 #107 #110 #114 #116 #117 #118 #119 #128 #129 #130 #131 #132 #133 #134 #135 #136 #137 #138 #139 #140 #141 #142 #143 #146 #147 #148 #149 #150 #151 #152 #153 #154 #157 #159 #160 #161 #162 #163 #164 #165 #167 #179 #184 #186 #188 #189 #192 #201 #211 #212 #213 #218 #227 #228 #229 #230 #231 #232 #235 #236 #237 #238 #239 #241 #243 #245 #247 #286 #289 #290,True,True,True,True
"⚠ Connectivity has **no knee** (1.6×), so ""closes at 17"" holds only for the category cou",#26 #63 #69 #75 #88 #90 #99 #100 #101 #102 #104 #107 #110 #114 #116 #117 #118 #119 #128 #129 #130 #131 #132 #133 #134 #135 #136 #137 #138 #139 #140 #141 #142 #143 #146 #147 #148 #149 #150 #151 #152 #153 #154 #157 #159 #160 #161 #162 #163 #164 #165 #167 #179 #184 #186 #188 #189 #192 #201 #211 #212 #213 #218 #227 #228 #229 #230 #231 #232 #235 #236 #237 #238 #239 #241 #243 #245 #247 #286 #289 #290,True,True,True,True
"Among those with later entries, the later-acquired categories are **less connected** to ",#26 #63 #69 #75 #88 #90 #99 #100 #101 #102 #104 #107 #110 #114 #116 #117 #118 #119 #128 #129 #130 #131 #132 #133 #134 #135 #136 #137 #138 #139 #140 #141 #142 #143 #146 #147 #148 #149 #150 #151 #152 #153 #154 #157 #159 #160 #161 #162 #163 #164 #165 #167 #179 #184 #186 #188 #189 #192 #201 #211 #212 #213 #218 #227 #228 #229 #230 #231 #232 #235 #236 #237 #238 #239 #241 #243 #245 #247 #286 #289 #290,True,True,True,True
"⚠ **Direction only, not magnitude**: cuts from 13.5 to 17.5 give −0.0165 → −0.0069 (a fa",#26 #63 #69 #75 #88 #90 #99 #100 #101 #102 #104 #107 #110 #114 #116 #117 #118 #119 #128 #129 #130 #131 #132 #133 #134 #135 #136 #137 #138 #139 #140 #141 #142 #143 #146 #147 #148 #149 #150 #151 #152 #153 #154 #157 #159 #160 #161 #162 #163 #164 #165 #167 #179 #184 #186 #188 #189 #192 #201 #211 #212 #213 #218 #227 #228 #229 #230 #231 #232 #235 #236 #237 #238 #239 #241 #243 #245 #247 #286 #289 #290,True,True,True,True
"The content line does not explain it either (PC4 only 0.2×), nor does rarity dispersion ",#26 #63 #69 #75 #88 #90 #99 #100 #101 #102 #104 #107 #110 #114 #116 #117 #118 #119 #128 #129 #130 #131 #132 #133 #134 #135 #136 #137 #138 #139 #140 #141 #142 #143 #146 #147 #148 #149 #150 #151 #152 #153 #154 #157 #159 #160 #161 #162 #163 #164 #165 #167 #179 #184 #186 #188 #189 #192 #201 #211 #212 #213 #218 #227 #228 #229 #230 #231 #232 #235 #236 #237 #238 #239 #241 #243 #245 #247 #286 #289 #290,True,True,True,True
"The remaining **9.4×** was taken to be ""personal"" — and `#159` shows **it is almost not ",#26 #63 #69 #75 #88 #90 #99 #100 #101 #102 #104 #107 #110 #114 #116 #117 #118 #119 #128 #129 #130 #131 #132 #133 #134 #135 #136 #137 #138 #139 #140 #141 #142 #143 #146 #147 #148 #149 #150 #151 #152 #153 #154 #157 #159 #160 #161 #162 #163 #164 #165 #167 #179 #184 #186 #188 #189 #192 #201 #211 #212 #213 #218 #227 #228 #229 #230 #231 #232 #235 #236 #237 #238 #239 #241 #243 #245 #247 #286 #289 #290,True,True,True,True
**Certain sexual interests simply arrive earlier or later than the shared schedule predi,#26 #63 #69 #75 #88 #90 #99 #100 #101 #102 #104 #107 #110 #114 #116 #117 #118 #119 #128 #129 #130 #131 #132 #133 #134 #135 #136 #137 #138 #139 #140 #141 #142 #143 #146 #147 #148 #149 #150 #151 #152 #153 #154 #157 #159 #160 #161 #162 #163 #164 #165 #167 #179 #184 #186 #188 #189 #192 #201 #211 #212 #213 #218 #227 #228 #229 #230 #231 #232 #235 #236 #237 #238 #239 #241 #243 #245 #247 #286 #289 #290,True,True,True,True
"**What uncommon things you like is a stable property (`#100`: +0.4611, 23.1×); when you ",#26 #63 #69 #75 #88 #90 #99 #100 #101 #102 #104 #107 #110 #114 #116 #117 #118 #119 #128 #129 #130 #131 #132 #133 #134 #135 #136 #137 #138 #139 #140 #141 #142 #143 #146 #147 #148 #149 #150 #151 #152 #153 #154 #157 #159 #160 #161 #162 #163 #164 #165 #167 #179 #184 #186 #188 #189 #192 #201 #211 #212 #213 #218 #227 #228 #229 #230 #231 #232 #235 #236 #237 #238 #239 #241 #243 #245 #247 #286 #289 #290,True,True,True,True
"**And `#150`'s pre-registered point prediction landed**: measured instead as ""how rare i",#26 #63 #69 #75 #88 #90 #99 #100 #101 #102 #104 #107 #110 #114 #116 #117 #118 #119 #128 #129 #130 #131 #132 #133 #134 #135 #136 #137 #138 #139 #140 #141 #142 #143 #146 #147 #148 #149 #150 #151 #152 #153 #154 #157 #159 #160 #161 #162 #163 #164 #165 #167 #179 #184 #186 #188 #189 #192 #201 #211 #212 #213 #218 #227 #228 #229 #230 #231 #232 #235 #236 #237 #238 #239 #241 #243 #245 #247 #286 #289 #290,True,True,True,True
"⚠ But CONSISTENT, not PROVEN: the equivalence bound can only exclude a discrepancy large",#26 #63 #69 #75 #88 #90 #99 #100 #101 #102 #104 #107 #110 #114 #116 #117 #118 #119 #128 #129 #130 #131 #132 #133 #134 #135 #136 #137 #138 #139 #140 #141 #142 #143 #146 #147 #148 #149 #150 #151 #152 #153 #154 #157 #159 #160 #161 #162 #163 #164 #165 #167 #179 #184 #186 #188 #189 #192 #201 #211 #212 #213 #218 #227 #228 #229 #230 #231 #232 #235 #236 #237 #238 #239 #241 #243 #245 #247 #286 #289 #290,True,True,True,True
"All Big Five \|r\| ≤ 0.056, **openness only +0.023** — it is not general novelty seeking",#26 #63 #69 #75 #88 #90 #99 #100 #101 #102 #104 #107 #110 #114 #116 #117 #118 #119 #128 #129 #130 #131 #132 #133 #134 #135 #136 #137 #138 #139 #140 #141 #142 #143 #146 #147 #148 #149 #150 #151 #152 #153 #154 #157 #159 #160 #161 #162 #163 #164 #165 #167 #179 #184 #186 #188 #189 #192 #201 #211 #212 #213 #218 #227 #228 #229 #230 #231 #232 #235 #236 #237 #238 #239 #241 #243 #245 #247 #286 #289 #290,True,True,True,True
"**This claim is safe by design, not by luck** | `#101` `#102` `#154` | | **People rememb",#26 #63 #69 #75 #88 #90 #99 #100 #101 #102 #104 #107 #110 #114 #116 #117 #118 #119 #128 #129 #130 #131 #132 #133 #134 #135 #136 #137 #138 #139 #140 #141 #142 #143 #146 #147 #148 #149 #150 #151 #152 #153 #154 #157 #159 #160 #161 #162 #163 #164 #165 #167 #179 #184 #186 #188 #189 #192 #201 #211 #212 #213 #218 #227 #228 #229 #230 #231 #232 #235 #236 #237 #238 #239 #241 #243 #245 #247 #286 #289 #290,True,True,True,True
"⚠ **It is a population regularity, not a personal one** (`#162`): the per-person slope's",#26 #63 #69 #75 #88 #90 #99 #100 #101 #102 #104 #107 #110 #114 #116 #117 #118 #119 #128 #129 #130 #131 #132 #133 #134 #135 #136 #137 #138 #139 #140 #141 #142 #143 #146 #147 #148 #149 #150 #151 #152 #153 #154 #157 #159 #160 #161 #162 #163 #164 #165 #167 #179 #184 #186 #188 #189 #192 #201 #211 #212 #213 #218 #227 #228 #229 #230 #231 #232 #235 #236 #237 #238 #239 #241 #243 #245 #247 #286 #289 #290,True,True,True,True
"**""Some people are more prone than others to remembering their favourites as early"" does",#26 #63 #69 #75 #88 #90 #99 #100 #101 #102 #104 #107 #110 #114 #116 #117 #118 #119 #128 #129 #130 #131 #132 #133 #134 #135 #136 #137 #138 #139 #140 #141 #142 #143 #146 #147 #148 #149 #150 #151 #152 #153 #154 #157 #159 #160 #161 #162 #163 #164 #165 #167 #179 #184 #186 #188 #189 #192 #201 #211 #212 #213 #218 #227 #228 #229 #230 #231 #232 #235 #236 #237 #238 #239 #241 #243 #245 #247 #286 #289 #290,True,True,True,True
**It is not generated at the moment of answering the survey** | `#119` | | **Among inter,#26 #63 #69 #75 #88 #90 #99 #100 #101 #102 #104 #107 #110 #114 #116 #117 #118 #119 #128 #129 #130 #131 #132 #133 #134 #135 #136 #137 #138 #139 #140 #141 #142 #143 #146 #147 #148 #149 #150 #151 #152 #153 #154 #157 #159 #160 #161 #162 #163 #164 #165 #167 #179 #184 #186 #188 #189 #192 #201 #211 #212 #213 #218 #227 #228 #229 #230 #231 #232 #235 #236 #237 #238 #239 #241 #243 #245 #247 #286 #289 #290,True,True,True,True
"⚠ **Doubling the sample did not strengthen it** (3.093 → 3.048), and the source line cla",#26 #63 #69 #75 #88 #90 #99 #100 #101 #102 #104 #107 #110 #114 #116 #117 #118 #119 #128 #129 #130 #131 #132 #133 #134 #135 #136 #137 #138 #139 #140 #141 #142 #143 #146 #147 #148 #149 #150 #151 #152 #153 #154 #157 #159 #160 #161 #162 #163 #164 #165 #167 #179 #184 #186 #188 #189 #192 #201 #211 #212 #213 #218 #227 #228 #229 #230 #231 #232 #235 #236 #237 #238 #239 #241 #243 #245 #247 #286 #289 #290,True,True,True,True
⚠ **`#141` is withdrawn in full** — it re-priced the claim by re-running `A02/R034` with,#26 #63 #69 #75 #88 #90 #99 #100 #101 #102 #104 #107 #110 #114 #116 #117 #118 #119 #128 #129 #130 #131 #132 #133 #134 #135 #136 #137 #138 #139 #140 #141 #142 #143 #146 #147 #148 #149 #150 #151 #152 #153 #154 #157 #159 #160 #161 #162 #163 #164 #165 #167 #179 #184 #186 #188 #189 #192 #201 #211 #212 #213 #218 #227 #228 #229 #230 #231 #232 #235 #236 #237 #238 #239 #241 #243 #245 #247 #286 #289 #290,True,True,True,True
"| What I said | Now | Why | |---|---|---| | ""Sexual is a value, not a category"" (the epo",#64 #67 #69 #70 #82 #86 #87 #88 #99 #102 #115,True,True,True,True
| Cannot | The measured bound | |---|---| | See structure carried by ≤30% of people (var,#69 #89 #91 #105 #120 #122,True,True,True,True
**And a transferable methodological result — but a much smaller one than I first publish,#20 #169,True,False,True,False
"What does **not** stand is the law I built on top of it: ~~`corr(deficit, coverage gap) ",#20 #169,True,False,True,False
With a validated reliability ladder (positive control: SUBSTANCE against itself r_true =,(无),False,False,True,False
"**[SURVIVES FRAMING SWAP — RETRACTIONS #50]** Within-person ""acquired together"" tracks """,(无),False,False,False,False
**[CONFIRMED — RETRACTIONS #22]** onset carries structure preference does not: observed ,(无),False,False,True,False
"**[KILLED — RETRACTIONS #20]** the law I built on it — ~~corr(congruence deficit, covera",#20,True,False,True,False
**The hazard is theirs; one correction on one split is mine; the law was nobody's (`#20`,#20,True,False,True,False
**[UNVERIFIED — RETRACTIONS #26]** the '9–13% response style' figure comes from an index,(无),False,False,False,False
