seed,a,b,tier,raw,adj,null
1,1,4,tier4 all other pairs,0.06738491719019035,0.053434717276505395,-0.009789819724784543
1,1,7,tier3 fluid<->non-fluid,0.0157258761610799,0.002301529992835949,-0.02466927842916089
1,1,8,tier3 fluid<->non-fluid,-0.00916401347988871,-0.0028664013331252125,-0.013115709622173233
1,1,9,tier3 fluid<->non-fluid,0.03357501369984395,0.010661519140195197,-0.01110179569082681
1,1,11,tier3 fluid<->non-fluid,-0.013519412166420164,-0.00495175190040853,-0.016394638961451102
1,1,13,tier4 all other pairs,0.020980451453781357,0.01786778587666038,-0.0021777502238025104
1,1,17,tier4 all other pairs,-0.0009247347992502597,-0.01220059790105088,-0.011559801133141034
1,1,19,tier4 all other pairs,0.016322407039136566,0.012770958989817172,-0.007142544002611606
1,1,20,tier4 all other pairs,0.010792771981143257,0.008742777483311315,-0.006746149229610365
1,1,29,tier4 all other pairs,0.01779348264587144,0.005359903098892782,-0.004806332330649976
1,1,36,tier4 all other pairs,0.020515037595657093,0.015018939637753137,-0.007348904719073124
1,1,39,tier4 all other pairs,0.0021864538630174124,-0.002543593946900069,-0.01857347864834935
1,1,42,tier4 all other pairs,-0.0026520819853110833,0.004064363465857146,-0.01788900205019428
1,1,48,tier4 all other pairs,0.010648400684162396,0.0037355788896591413,-0.009698020578301936
1,1,51,tier4 all other pairs,0.00895346032172184,0.015556388424940448,-0.022434627433194576
1,1,53,tier4 all other pairs,0.015570396172298717,0.005257806650635466,-0.010581374371243735
1,1,55,tier4 all other pairs,0.025484517847672028,0.018592196992172072,-0.004357703430291071
1,1,62,tier4 all other pairs,0.056578307395119154,0.039331730765385764,-0.004488055723762763
1,1,63,tier4 all other pairs,0.021766865084275056,0.020976308956031753,-0.003850363818832747
1,1,67,tier4 all other pairs,0.012834681205148857,0.005064751621982055,-0.004348705371196582
1,1,73,tier4 all other pairs,0.011954534611313128,-0.0006605027597070823,-0.01027095876024453
1,1,77,tier4 all other pairs,0.09443050112226281,0.0727352694393808,-0.003912624588740199
1,1,79,tier4 all other pairs,0.01973176427640866,0.006978386219122279,-0.003336454320145288
1,1,81,tier4 all other pairs,-0.0002755933893041629,-0.005161129856145585,-0.00943520091230643
1,1,83,tier3 fluid<->non-fluid,0.02688172636674413,0.004635437909002227,-0.01775743957978171
1,1,85,tier4 all other pairs,0.015361158681183706,0.011206789284068375,-0.00978697594943112
1,1,90,tier4 all other pairs,0.0038449813015378753,-0.0006011055681038879,-0.004129124650034788
1,1,91,tier4 all other pairs,0.008038511391822878,-0.004051900235538808,-0.01900633240301941
1,1,92,tier4 all other pairs,0.03358945324900675,0.028225641687765535,-0.005258758195393121
1,1,93,tier4 all other pairs,0.08832583272127714,0.07691973760464665,-0.010408142447259738
1,1,96,tier4 all other pairs,0.015871174103602503,0.011662631504594123,-0.014134579348431542
1,4,7,tier3 fluid<->non-fluid,0.022304422132347845,0.0052344592479227625,-0.013962684650590917
1,4,8,tier3 fluid<->non-fluid,0.03080513743342206,0.0028769368831536024,-0.0101950503389312
1,4,9,tier3 fluid<->non-fluid,0.07136859129844442,0.027682845419322977,-0.007636908122576003
1,4,11,tier3 fluid<->non-fluid,0.01050343398792819,0.00950653286329839,-0.021218195495213532
1,4,13,tier4 all other pairs,0.02243223817176543,0.011689738592153498,-0.002941453214845291
1,4,19,tier4 all other pairs,0.015366944122909731,-0.008776645379765302,-0.015786270616281683
1,4,20,tier4 all other pairs,0.0017180028644251388,-0.008858001614026723,0.007116467512612856
1,4,29,tier4 all other pairs,0.027012789864978126,0.008819153290551163,-0.011894915868339684
1,4,36,tier4 all other pairs,0.01514208563612407,-0.0005180589620734644,-0.015080820656275584
1,4,48,tier4 all other pairs,0.010302723193444496,-0.0005790413052306764,-0.030661096099026786
1,4,53,tier4 all other pairs,0.006915495160390361,-0.011215329298874366,-0.03489627077948243
1,4,55,tier4 all other pairs,0.034370730964122576,0.02282240250264589,-0.0022681865897464792
1,4,62,tier4 all other pairs,0.07349818882660597,0.054437096372740745,0.010804142478978207
1,4,63,tier4 all other pairs,0.005771867227342131,-0.004512869627851135,-0.016907972694247153
1,4,67,tier4 all other pairs,0.014081498480854049,-0.0068814038042197545,-0.012669061483174149
1,4,77,tier4 all other pairs,0.0280842681111515,0.0018000630163129694,0.004701768474503654
1,4,79,tier4 all other pairs,0.03772457145768904,0.01055376158182153,0.008131664674605354
1,4,83,tier3 fluid<->non-fluid,0.029913608884558185,0.0005436757193929553,-0.012683410716793686
1,4,85,tier4 all other pairs,0.016643406936041605,-0.004094352053663597,-0.05027131471741231
1,4,90,tier4 all other pairs,0.002531369972934905,0.0004833795752346992,-0.023077312287918428
1,4,92,tier4 all other pairs,-0.0030679488167322244,0.005773128430370367,-0.020593617803235542
1,4,93,tier4 all other pairs,0.012204670952152052,-0.0022077785880614265,-0.00932296538481836
1,4,96,tier4 all other pairs,-0.00836808531738309,-0.01613415917755079,-0.034135812960294
1,7,8,tier2 within fluid family,0.10277008137850596,0.07620360612417343,-0.010248706634997218
1,7,9,tier2 within fluid family,0.15695995137985397,0.04891818585022201,-0.011469672536596365
1,7,11,tier2 within fluid family,0.05468718496018188,0.045024494555401584,-0.012883971530145866
1,7,13,tier3 fluid<->non-fluid,0.021000502872822957,-0.012482233006349652,0.010317307865125525
1,7,29,tier3 fluid<->non-fluid,0.019064386554408674,-0.01824151620180614,-0.009763783088239775
1,7,55,tier3 fluid<->non-fluid,0.00316645717835895,-0.012606782532363248,-0.011150392489621908
1,7,62,tier3 fluid<->non-fluid,0.021032051534995322,-0.01984714776009966,-0.003691818935586122
1,7,67,tier3 fluid<->non-fluid,-0.0006043216474604929,-0.015078347010282211,-0.0034896077114701107
1,7,79,tier3 fluid<->non-fluid,0.02375466344773214,-0.0253920740290301,0.004767128259153153
1,7,83,tier1 precum<->ejaculate,0.4518085793534138,0.35032593928864153,-0.007382523667600838
1,8,9,tier2 within fluid family,0.08260658485805894,0.0663133301464377,-0.0007103509726442692
1,8,11,tier2 within fluid family,0.11163376025170069,0.11107543793675922,-0.021499829055775965
1,8,13,tier3 fluid<->non-fluid,0.017693499688681724,-0.0016066523141118338,0.013320846612311144
1,8,29,tier3 fluid<->non-fluid,-0.006889096182945531,-0.021125214995291852,-0.014205526206166885
1,8,55,tier3 fluid<->non-fluid,0.004672437700162568,-0.009361613428055637,-0.014617663955208249
1,8,62,tier3 fluid<->non-fluid,0.027000581497129028,-0.008210994365149382,-0.0099719695169036
1,8,63,tier3 fluid<->non-fluid,-0.0087129837483777,-0.015292178097517262,-0.028597344363505917
1,8,67,tier3 fluid<->non-fluid,-0.0050959781159085615,-0.014761354840881369,-0.007525119891794052
1,8,77,tier3 fluid<->non-fluid,0.0067518536251888195,-0.01498626670744918,-0.00480782990658879
1,8,79,tier3 fluid<->non-fluid,0.02695871003844308,-0.007305500427434941,0.005959588041152486
1,8,83,tier2 within fluid family,0.1050067266269471,0.08169478511265182,-0.025884454629960585
1,9,11,tier2 within fluid family,0.1076448566442968,0.09208725620891878,-0.015452461608662649
1,9,13,tier3 fluid<->non-fluid,0.015344525084711624,-0.006070207481538414,0.003278427225722913
1,9,19,tier3 fluid<->non-fluid,-0.0010442265821721808,-0.01889768440931694,-0.01552154620914914
1,9,20,tier3 fluid<->non-fluid,0.001575510887213194,-0.006030087612076462,-0.011522282123668681
1,9,29,tier3 fluid<->non-fluid,0.037587073468287935,0.0031776449255243033,7.490512667607252e-05
1,9,36,tier3 fluid<->non-fluid,-0.0147966320943127,-0.007851660462773191,-0.014859383311762286
1,9,48,tier3 fluid<->non-fluid,0.00404237410148478,-0.012814245246775435,-0.011894394997968627
1,9,53,tier3 fluid<->non-fluid,0.0026408746531672023,-0.010719075197944683,-0.01253043912338292
1,9,55,tier3 fluid<->non-fluid,0.0006376595108416039,-0.005455045718344653,-0.0012280566182627517
1,9,62,tier3 fluid<->non-fluid,0.01489998543137172,0.005473670299162903,0.004748586438306668
1,9,63,tier3 fluid<->non-fluid,-0.009591136267229405,-0.01290141369189457,-0.013281295599290255
1,9,67,tier3 fluid<->non-fluid,0.017993564606366252,-0.008003393968498695,-0.0015113119866871916
1,9,77,tier3 fluid<->non-fluid,0.03203279700072037,-0.0018186785872944533,0.004759353787223253
1,9,79,tier3 fluid<->non-fluid,0.030678144482604974,-0.004565312291580748,0.02050975565406854
1,9,83,tier2 within fluid family,0.19896155197997478,0.07760061829614351,-0.00716647990310415
1,9,90,tier3 fluid<->non-fluid,-0.010420935913987739,-0.02235185876819412,-0.0012643097511282342
1,9,92,tier3 fluid<->non-fluid,-0.013580625050271466,-0.007825197753901225,-0.014398862196352002
1,9,93,tier3 fluid<->non-fluid,0.010689298238646727,-0.005407686088577668,-0.006615299571105071
1,11,13,tier3 fluid<->non-fluid,0.0346954497410753,-0.011068691716772605,0.012182736258244509
1,11,29,tier3 fluid<->non-fluid,-0.005494369659547749,-0.010077235012286634,-0.005247268869573274
1,11,55,tier3 fluid<->non-fluid,-0.0036208992133957008,-0.02326601142415563,-0.01542336894653995
1,11,62,tier3 fluid<->non-fluid,0.07663240926919324,-0.005165468333900636,0.05108664837395882
1,11,67,tier3 fluid<->non-fluid,0.009291304216317298,-0.014839725790505298,0.007023714757685595
1,11,79,tier3 fluid<->non-fluid,0.02362772267873592,-0.02641576813617963,0.009592367032528415
1,11,83,tier2 within fluid family,0.10883661195514982,0.07438622030802788,-0.025580790322119462
1,13,17,tier4 all other pairs,0.005981914889133688,0.007404580475739664,-0.028732276851189065
1,13,19,tier4 all other pairs,0.00787326051564241,0.0067610247387897005,-0.010671758498948414
1,13,20,tier4 all other pairs,0.010836116131264006,0.006246677866582506,-0.005530551708498921
1,13,29,tier4 all other pairs,0.01291285587045099,0.00538434171173674,-0.00826919764845524
1,13,36,tier4 all other pairs,0.023779884558892128,0.015468427409402352,-0.011704171726062196
1,13,39,tier4 all other pairs,-0.005507333887715182,-0.01804009810239937,-0.026062035303200837
1,13,42,tier4 all other pairs,-0.0029757584810110593,-0.013736589696744739,-0.02481393655900277
1,13,48,tier4 all other pairs,0.024952085087745046,0.010365618579546987,-0.007530562500254856
1,13,51,tier4 all other pairs,-0.031807015755977774,-0.029807378870624568,-0.03551158536362298
1,13,53,tier4 all other pairs,0.00516611267448297,0.009559860607049164,-0.007430871881036527
1,13,55,tier4 all other pairs,0.039106418942600696,0.03419471801552443,-0.006141160660322997
1,13,62,tier4 all other pairs,0.01957981145215726,0.019550636361627682,-0.008188963841244679
1,13,63,tier4 all other pairs,0.02789908887022219,0.024941631755729166,-0.004370445764056319
1,13,67,tier4 all other pairs,0.011997364937920363,0.005832680589942241,-0.0059454048720164465
1,13,73,tier4 all other pairs,0.007524126133192421,-0.0035493912590167653,-0.014349960617356494
1,13,77,tier4 all other pairs,0.03379627162420917,0.025051168175537875,-0.006884983134750389
1,13,79,tier4 all other pairs,0.014563662389110554,0.005086725181969398,0.0005840908005751988
1,13,81,tier4 all other pairs,0.006872435948503619,0.006004961878396831,-0.011845711085174182
1,13,83,tier3 fluid<->non-fluid,-0.015075580684547063,-0.02745086600422164,-0.011493571628673482
1,13,85,tier4 all other pairs,0.010581882172935986,0.00331575888529545,-0.015747185845405465
1,13,90,tier4 all other pairs,-0.0037731653978865243,0.00435707942458452,-0.008194384339719418
1,13,91,tier4 all other pairs,-0.015419628592231227,-0.029228374519489897,-0.04284769179402814
1,13,92,tier4 all other pairs,0.0383765954211015,0.03545397211662027,-0.008872477114173272
1,13,93,tier4 all other pairs,0.028944051954870376,0.01718445134466884,-0.012920546361348206
1,13,96,tier4 all other pairs,-6.114535605994398e-05,0.00299995231044925,-0.014950469197745342
1,17,19,tier4 all other pairs,0.015326848875808596,-0.011590185598961522,-0.00387296746106891
1,17,20,tier4 all other pairs,0.00918500501689834,-0.012514689256285294,-0.0006760230799476297
1,17,29,tier4 all other pairs,-0.005947761976197619,-0.01070280976586302,0.003916224542483637
1,17,53,tier4 all other pairs,-0.0064372815507049985,0.0009990749133860222,-0.004851536298772441
1,17,63,tier4 all other pairs,0.026450614780434534,-0.004167298585184609,0.0245220693301772
1,17,67,tier4 all other pairs,0.007943640529006979,-0.009294497073953911,-0.007371752306305934
1,17,73,tier4 all other pairs,0.019779758660280478,-0.01772603626372793,0.0035797078264806492
1,17,77,tier4 all other pairs,0.06335592626048436,-0.006331597352401408,0.05015071104308244
1,17,79,tier4 all other pairs,0.026050365797286146,0.01231455688532912,0.0029520940702794096
1,19,20,tier4 all other pairs,-0.0024274423459687,-0.004041435109054303,-0.006315689685196135
1,19,29,tier4 all other pairs,0.03257864562086299,-0.005992307281918574,-0.01726576560913351
1,19,36,tier4 all other pairs,-0.0023719429832043115,-0.015314656060614995,-0.025192350087677395
1,19,42,tier4 all other pairs,-0.00868796644690617,-0.0382846557932317,-0.040173000590820296
1,19,48,tier4 all other pairs,-0.023228627314087813,-0.0016435650026962456,-0.02549029659263402
1,19,53,tier4 all other pairs,0.01422544514308377,-0.004618569289355445,-0.020178493767759154
1,19,55,tier4 all other pairs,0.013855097683805884,-0.0094392980703919,-0.013762439982987651
1,19,62,tier4 all other pairs,0.03436534239748523,0.03511079879490997,-0.013975091523769745
1,19,63,tier4 all other pairs,0.009372933886319657,0.0030804085763592726,-0.011499370608953452
1,19,67,tier4 all other pairs,0.020188464665124806,0.0009548109401494864,-0.015058140126515518
1,19,73,tier4 all other pairs,0.014449648013786898,0.005373325293389297,-0.025014845936679908
1,19,77,tier4 all other pairs,0.024775295240275552,0.022508710293965728,-0.002111023442404214
1,19,79,tier4 all other pairs,0.019956615543532896,0.0036491236489302192,-0.005528772811489002
1,19,81,tier4 all other pairs,-0.01664206386445022,-0.001246867259639961,-0.024842628347462092
1,20,29,tier4 all other pairs,-0.0024018209306162497,-0.00437099330215962,-0.0034360215388860027
1,20,36,tier4 all other pairs,-0.005893568605747301,-0.0069564553311280974,-0.009961398816921818
1,20,42,tier4 all other pairs,0.0007033897037096448,-0.0065496295155704765,-0.008122537712849986
1,20,48,tier4 all other pairs,-0.015885548663199245,0.0036600139884507277,-0.01756392106983684
1,20,53,tier4 all other pairs,-0.0055757834090901515,-0.004777540927424662,-0.009794791115553814
1,20,55,tier4 all other pairs,-0.0012499313471638906,-0.005110861414113765,0.002174817930740258
1,20,62,tier4 all other pairs,0.008288478733334825,-0.015449591449779643,-0.008968535315950099
1,20,63,tier4 all other pairs,0.0053466375195746485,0.003143193021995172,-0.002962138439261741
1,20,67,tier4 all other pairs,4.8121966189640375e-08,-0.0018577600802616168,-0.004002820650761407
1,20,73,tier4 all other pairs,0.00036609082118144176,-0.008614413596929271,-0.005486087562783348
1,20,77,tier4 all other pairs,0.002298477559608436,0.0011039357503529468,-0.003214378940805007
1,20,79,tier4 all other pairs,0.005287749856001667,-0.00014706580957524196,-0.003521210482155368
1,20,81,tier4 all other pairs,-4.874267432386503e-05,-0.008911836525936412,-0.009899231519545637
1,29,36,tier4 all other pairs,-0.007248671781494798,-0.011081390908068256,-0.024475196751062578
1,29,39,tier4 all other pairs,0.0026106763674481615,0.0036829494954558895,-0.030595281294776067
1,29,42,tier4 all other pairs,0.023789105297197466,-0.006870542708902638,-0.03333654195809377
1,29,48,tier4 all other pairs,0.015393814821550444,-0.0016559969436784616,-0.021319978036312692
1,29,51,tier4 all other pairs,-0.02899268673814981,-0.030143743893790154,-0.042665218958049866
1,29,53,tier4 all other pairs,0.04120628112936031,0.0216057560785462,-0.012081419068337818
1,29,55,tier4 all other pairs,0.0036924725823850313,0.00017465161897278758,-0.006973436832257152
1,29,62,tier4 all other pairs,0.0027951764060832884,-0.009884861890281593,-0.019352659809764416
1,29,63,tier4 all other pairs,0.008708740872228171,0.007297632727014336,-0.011177036900205328
1,29,67,tier4 all other pairs,0.019037238308493243,0.001197656058559371,-0.008247265413016791
1,29,73,tier4 all other pairs,0.04988374715752231,0.007595946175055213,-0.009920483482772857
1,29,77,tier4 all other pairs,0.019109303993691373,0.0001123207724771369,-0.011924534164325262
1,29,79,tier4 all other pairs,0.044265880354535714,0.014559265238091035,0.0006130822802135061
1,29,81,tier4 all other pairs,-0.001691123763236213,-0.03963459362779376,-0.03895583642063816
1,29,83,tier3 fluid<->non-fluid,0.10138247444267356,-0.0063043813812544425,-0.03420951291584928
1,29,85,tier4 all other pairs,0.03817710193121271,0.021248111139685055,-0.01724366415710432
1,29,90,tier4 all other pairs,-0.007329919317328626,-0.010109965463193094,-0.026049691948295095
1,29,91,tier4 all other pairs,0.04388065568359367,-0.01580808634615094,-0.03321505437590111
1,29,92,tier4 all other pairs,0.014380414133832287,0.0007593408011571379,-0.028852017844221978
1,29,93,tier4 all other pairs,0.003023900051974504,-0.014856776845272979,-0.019420547176312475
1,29,96,tier4 all other pairs,-0.004146692808180141,-0.00759979336199601,-0.03764551184791465
1,36,48,tier4 all other pairs,0.0009046961598742076,-0.008072235481503265,-0.025188275550178663
1,36,53,tier4 all other pairs,-0.005442285591274576,-0.04159281339797505,-0.03970382202609701
1,36,55,tier4 all other pairs,0.11941895017957493,0.11425206711429525,0.00043973438219524486
1,36,62,tier4 all other pairs,0.01925914816523333,-0.009632448616695877,-0.033801275650567675
1,36,63,tier4 all other pairs,0.03473972110155166,0.01973669910802489,-0.016127219990982544
1,36,67,tier4 all other pairs,0.0005445871889245835,-0.007836936989344956,-0.018674525668232578
1,36,73,tier4 all other pairs,-0.005154807768885883,-0.006173658932797421,-0.052651862402549376
1,36,77,tier4 all other pairs,0.04473898047230562,0.03298293317887313,-0.030166810714362446
1,36,79,tier4 all other pairs,0.004808342176043867,0.001500622905867166,-0.014500027579810615
1,36,81,tier4 all other pairs,-0.010084305135378946,-0.03867428577944021,-0.06402972782467198
1,36,90,tier4 all other pairs,0.01888287865479621,-0.05778709553634376,-0.01444665075435303
1,36,92,tier4 all other pairs,0.015550793960432685,0.01235294796885067,-0.03359391409883816
1,36,93,tier4 all other pairs,0.027703558180846466,0.014201392616784325,-0.031146832554387993
1,39,42,tier4 all other pairs,0.04689463592272891,0.0445889946563921,-0.010628048608146923
1,39,48,tier4 all other pairs,0.060684602164446266,0.005962473208484198,0.0028214679629097184
1,39,55,tier4 all other pairs,0.02335477742057568,-0.020940750574893974,-0.017835359851444688
1,39,62,tier4 all other pairs,-0.0032320878294047617,0.00918165058423559,-0.013745793506882764
1,39,63,tier4 all other pairs,0.03521282160033512,-0.012859145985021359,0.02123529315923256
1,39,67,tier4 all other pairs,0.013460953140705278,-0.0029186962115130832,-0.00645250668875752
1,39,73,tier4 all other pairs,0.033301433399600566,0.013051905897144778,-0.012362596711503748
1,39,77,tier4 all other pairs,0.03231922034568435,-0.0262055819234579,0.020662549077559378
1,39,79,tier4 all other pairs,0.0196876475441492,-0.013120791525288666,0.014544338193893558
1,42,48,tier4 all other pairs,-0.023624475393841715,-0.012533941233791035,-0.02504281313419976
1,42,55,tier4 all other pairs,-0.005703489153324304,-0.03659066200305938,-0.0005530329124192601
1,42,62,tier4 all other pairs,-0.0024168733261464848,-0.01966403798695171,-0.04258636581002828
1,42,63,tier4 all other pairs,-0.014315685242578091,-0.01697977432179254,-0.009243929908954396
1,42,67,tier4 all other pairs,0.01014060734054667,-0.02260392405887046,-0.0268019504546817
1,42,73,tier4 all other pairs,0.0626312861037458,0.03249932183611515,-0.018471075472989762
1,42,77,tier4 all other pairs,0.027794481384786796,-0.03195551595493318,-0.016925472352167015
1,42,79,tier4 all other pairs,0.03703227613842097,0.009149750503680831,-0.0024807674079736497
1,48,51,tier4 all other pairs,-0.051350512655190306,-0.011502832672792174,-0.027689753523539862
1,48,53,tier4 all other pairs,0.0013070044693094252,-0.00891798984499137,-0.010002088134332343
1,48,55,tier4 all other pairs,0.015521660737432996,-0.00018489908692531642,0.01175708093238137
1,48,62,tier4 all other pairs,0.013950983496042957,-0.009147025298007483,0.002223577632639251
1,48,63,tier4 all other pairs,0.0058444012303626725,-0.0060488462491696815,-0.005795124730751722
1,48,67,tier4 all other pairs,0.017199150385078577,0.008818884107051672,-0.001244600057192402
1,48,73,tier4 all other pairs,0.0016293806111511433,-0.010570922324633525,-0.005068605420597505
1,48,77,tier4 all other pairs,0.007718054787439921,-0.005636037335024158,0.0022116062979253837
1,48,79,tier4 all other pairs,0.02302725706446318,0.0016099967513344415,0.0041281013666712996
1,48,85,tier4 all other pairs,0.001233855926448757,-0.014163760339813036,-0.006685846998682798
1,48,90,tier4 all other pairs,0.029090506877852973,-0.011027822069182847,0.008389487115559757
1,48,92,tier4 all other pairs,0.027204965262398573,0.00324843201490721,-0.001729553594895128
1,48,93,tier4 all other pairs,0.012501076682154166,-0.005846255903051878,-0.01781549975836927
1,48,96,tier4 all other pairs,0.0018995329719919685,-0.01409637216167936,-0.011488087415916004
1,51,67,tier4 all other pairs,-0.01737881346456782,-0.04971895933004178,-0.03062580565194728
1,51,79,tier4 all other pairs,-0.025735453932982155,-0.042298141674947276,-0.03159302114196727
1,53,55,tier4 all other pairs,-0.018577764705149935,-0.01223249305098828,-0.017923049757528675
1,53,62,tier4 all other pairs,0.007663895430963685,-0.005840375660555397,-0.03455063889037491
1,53,63,tier4 all other pairs,0.008314598315294797,-0.0009235810560501712,-0.007806195225258383
1,53,67,tier4 all other pairs,-0.011438811809422855,-0.027171830091993865,-0.030679712888517008
1,53,73,tier4 all other pairs,0.012297433476032404,-0.019391357321026925,-0.019378268791026887
1,53,77,tier4 all other pairs,0.004731395230410107,0.00010839565269360474,-0.00998799075817458
1,53,79,tier4 all other pairs,0.04111170310848222,0.019248796645965127,-0.010173449609933938
1,53,81,tier4 all other pairs,0.017993719705495348,-0.006863498984133631,-0.03387784339269251
1,55,62,tier4 all other pairs,0.030225365807134308,0.019257211207289515,-0.010111589910389185
1,55,63,tier4 all other pairs,0.02214859344493625,0.013117493178721906,-0.003902657785535446
1,55,67,tier4 all other pairs,0.009095383898745979,0.004936755483281652,-0.005597942906697684
1,55,73,tier4 all other pairs,0.009229448315695499,-0.0018239087752700556,-0.020462838677088202
1,55,77,tier4 all other pairs,0.04647211853595612,0.025776510979201084,-0.005641760949503194
1,55,79,tier4 all other pairs,0.026488850426922284,0.01296459112744408,0.003217238173994219
1,55,81,tier4 all other pairs,-0.002733599186690139,0.0024262876334414374,-0.005758540738435514
1,55,83,tier3 fluid<->non-fluid,-0.013881821058524535,-0.022148842831268833,-0.013385479994820981
1,55,85,tier4 all other pairs,-0.013439323938005954,-0.013674555164308266,-0.03131002438834862
1,55,90,tier4 all other pairs,-0.014742805658755742,-0.009339261624069506,-0.011236988731379238
1,55,92,tier4 all other pairs,0.02010651389564455,0.012182211393967468,-0.011596544812343401
1,55,93,tier4 all other pairs,0.029121982074157504,0.02864816468805642,-0.018066594576936046
1,55,96,tier4 all other pairs,0.003080230239348225,-0.001776344968930088,-0.015720807344789423
1,62,63,tier4 all other pairs,0.028233462905437268,0.015531849629701,0.0010925153143424016
1,62,67,tier4 all other pairs,0.015079021403027415,0.005342644387035023,-0.006586853679517057
1,62,73,tier4 all other pairs,-0.0008547379756702611,-0.03495439325377525,-0.028608205377183005
1,62,77,tier4 all other pairs,0.0290554433429292,0.0006431646433635585,-0.008033207157351674
1,62,79,tier4 all other pairs,0.01973818809614225,0.004575752787508214,-0.007159427651523886
1,62,83,tier3 fluid<->non-fluid,-0.0037634956979604173,-0.050552939345127834,-0.03563897220188306
1,62,85,tier4 all other pairs,-0.008090211055845398,-0.01521204352766281,-0.032815969153760394
1,62,90,tier4 all other pairs,-0.008126704436274723,-0.035779876751187434,-0.02399731574823405
1,62,92,tier4 all other pairs,0.02580660805252455,0.009454463787993084,-0.00502151222967151
1,62,93,tier4 all other pairs,0.020828502490451872,-0.0040090607381506604,-0.012775392683789466
1,62,96,tier4 all other pairs,0.08847113606872847,0.03224515221427049,-0.006425182560025888
1,63,67,tier4 all other pairs,0.015453121830022898,0.017624259807051623,-0.007068649796464266
1,63,73,tier4 all other pairs,0.007541095261888953,-0.004024352201216219,-0.011212712963244664
1,63,77,tier4 all other pairs,0.010480782232240804,0.00871644670928906,-0.006285714680416055
1,63,79,tier4 all other pairs,0.008738569247200845,0.007264737852608727,-0.0052641577641547865
1,63,81,tier4 all other pairs,-0.00043314260409110794,-0.008259967138989133,-0.020524803747365983
1,63,83,tier3 fluid<->non-fluid,-0.02487167461930473,-0.034544970398059816,-0.030675236576046316
1,67,73,tier4 all other pairs,-0.0031259800971690233,-0.007332211615878048,-0.01693768250942762
1,67,77,tier4 all other pairs,0.007089714758543697,-0.00010252054907433639,-0.008045905663048192
1,67,79,tier4 all other pairs,0.01938969916325517,0.0002577377457637642,-0.0024381522325243044
1,67,81,tier4 all other pairs,0.005560651019391072,-0.010080342809318354,-0.02347041963187957
1,67,83,tier3 fluid<->non-fluid,0.03708763788206204,-0.019878712621965278,-0.015188441278597864
1,67,85,tier4 all other pairs,-0.011718608503476391,-0.02263987083653385,-0.019967385898259415
1,67,90,tier4 all other pairs,0.029385867777991015,-0.009193396744241022,0.001730919223193128
1,67,91,tier4 all other pairs,-0.007844158311353544,-0.012072199128722483,-0.04690328749239492
1,67,92,tier4 all other pairs,0.02722620723513014,0.016395824226886013,-0.006637383432563482
1,67,93,tier4 all other pairs,0.005354940317932377,-0.005655220204513034,-0.011332635403888958
1,67,96,tier4 all other pairs,0.008570951306750674,-0.0026352593212117803,-0.019532370573957403
1,73,77,tier4 all other pairs,0.01659381580003272,-0.015585312708179977,-0.018099494669927996
1,73,79,tier4 all other pairs,0.029457702938083363,-0.006115067661304208,-0.006471602927711206
1,73,81,tier4 all other pairs,-0.01735719732329377,-0.015550252743563586,-0.04673085463184634
1,77,79,tier4 all other pairs,0.027207953108897565,0.009190603426122435,-0.003847648418061844
1,77,81,tier4 all other pairs,-0.003318151026316718,-0.011755349700091067,-0.02791496258401094
1,77,83,tier3 fluid<->non-fluid,0.01336717322779879,-0.059328937873169396,-0.04117815825258164
1,79,81,tier4 all other pairs,0.004354300833787739,0.00270043945684717,-0.013961602113770066
1,79,83,tier3 fluid<->non-fluid,0.044988837127438175,-0.012891373144051421,-0.023312471133317025
1,79,85,tier4 all other pairs,0.0002563384903099264,-0.005236378477049719,-0.012140551246764053
1,79,90,tier4 all other pairs,0.008050165430845024,-0.0020059105032099733,-0.004531333147845151
1,79,91,tier4 all other pairs,0.018024276038567932,-0.0040562060610149775,-0.018762560435906073
1,79,92,tier4 all other pairs,-0.0011245561280843752,-0.0006361284087905705,-0.003425939657568655
1,79,93,tier4 all other pairs,0.00935423149205361,-0.003984052959044915,-0.005479993119511528
1,79,96,tier4 all other pairs,0.0015488195489949952,-0.0037569417838945185,-0.014219703110392778
1,85,90,tier4 all other pairs,-0.0062943953999636815,-0.0044476353235924915,-0.008542578228104114
1,85,91,tier4 all other pairs,-0.00452498653030875,-0.029109077496701996,-0.0461600209009243
1,85,92,tier4 all other pairs,0.009045900824864339,0.010455444694169702,-0.014868131814304464
1,85,93,tier4 all other pairs,0.00391574342935308,-0.011044897095125128,-0.017680218024045402
1,85,96,tier4 all other pairs,-0.014244117671030176,-0.01632996496960537,-0.029324385560037358
1,90,91,tier4 all other pairs,-0.003726374836593882,-0.018990728773376153,-0.018636463773935352
1,90,92,tier4 all other pairs,0.007162129712323995,0.003037285760787767,-0.004880431359501891
1,90,93,tier4 all other pairs,-0.00153889395526563,-0.007956185740146893,-0.004671257891921687
1,90,96,tier4 all other pairs,-0.01134222515265737,-0.010881241011748033,-0.0069208872330528415
1,91,92,tier4 all other pairs,0.0009560588533158443,-0.015517719990000511,-0.004818760006266576
1,91,93,tier4 all other pairs,-0.00493443667609772,-0.012823579136038044,-0.027124056199800517
1,91,96,tier4 all other pairs,0.019377427220102716,-0.016633014308295557,-0.010409170003158108
1,92,93,tier4 all other pairs,0.015307165615993323,0.011586602896625275,-0.00936369081311672
1,92,96,tier4 all other pairs,0.013211624720630422,0.010922249304429643,-0.00959957216633911
1,93,96,tier4 all other pairs,0.0060982945228968966,0.01845317490430609,-0.010341562983912755
2,1,4,tier4 all other pairs,0.07274913166361474,0.06112750070544515,-0.012473264676411855
2,1,7,tier3 fluid<->non-fluid,0.0039039384741176297,-0.01683548159878545,-0.025756478287805917
2,1,8,tier3 fluid<->non-fluid,-0.005084206044327466,-0.006156816844233415,-0.02001985902527159
2,1,9,tier3 fluid<->non-fluid,0.036630560426833325,0.015954955181337493,-0.007108624589409196
2,1,11,tier3 fluid<->non-fluid,0.008895257908992371,0.0005803696068552577,-0.019519494310799024
2,1,13,tier4 all other pairs,0.01944254674228718,0.015515383772550129,-0.0028874398360729803
2,1,17,tier4 all other pairs,0.007375238028177411,0.002659164930828961,-0.02861120452076671
2,1,19,tier4 all other pairs,0.017977033525471198,0.01669610614363215,-0.005341300938758842
2,1,20,tier4 all other pairs,0.007866423802009193,0.007304607645729155,-0.004918457340766125
2,1,29,tier4 all other pairs,0.0173652240455634,0.00537899157494881,-0.0043075921035888864
2,1,36,tier4 all other pairs,0.017727140937828456,0.010805356759675089,-0.005180154419941685
2,1,39,tier4 all other pairs,0.005858431530131769,0.007841390880952037,-0.010424903689549625
2,1,42,tier4 all other pairs,0.0032070000742961957,0.006593160234752982,-0.014877304440656713
2,1,48,tier4 all other pairs,0.004685262020585501,0.001953251495582675,-0.009826953852630105
2,1,51,tier4 all other pairs,0.01148144790051564,0.00883412088043567,-0.0199471537812419
2,1,53,tier4 all other pairs,0.016357961634892226,0.010147518644574527,-0.009584802942447901
2,1,55,tier4 all other pairs,0.016573546067715883,0.020671449939624553,-0.005116344614016333
2,1,62,tier4 all other pairs,0.045369965224843045,0.03785915130590167,-0.004791811505096222
2,1,63,tier4 all other pairs,0.02258597046592592,0.017445470200729174,-0.004464118216419122
2,1,67,tier4 all other pairs,0.009059498310825309,0.006319806126819705,-0.003985737785001442
2,1,73,tier4 all other pairs,0.022033099671514345,-0.0033696939932628123,-0.008650679790634719
2,1,77,tier4 all other pairs,0.088651891706645,0.07580356261875665,-0.00399864567886743
2,1,79,tier4 all other pairs,0.022140709016357674,0.010211103102097718,-0.0020189411204303287
2,1,81,tier4 all other pairs,-0.002473081535057098,-0.0037292853605892518,-0.01062690816329348
2,1,83,tier3 fluid<->non-fluid,0.013229139877502627,0.006561362618710209,-0.01191391693903987
2,1,85,tier4 all other pairs,0.013858725122441462,0.009002830456164013,-0.012154395622448577
2,1,90,tier4 all other pairs,0.0062271804803231134,0.005062542800644554,-0.0076575318871510145
2,1,91,tier4 all other pairs,0.014244344354386373,-0.002204134017877557,-0.023798745858051085
2,1,92,tier4 all other pairs,0.026529992173291994,0.02783075620776243,-0.006267017385201079
2,1,93,tier4 all other pairs,0.09089958310945467,0.07667944300389096,-0.0053610887239379235
2,1,96,tier4 all other pairs,0.015264931594028752,0.016801959821031276,-0.00988749296069602
2,4,7,tier3 fluid<->non-fluid,0.039461664569420685,-0.011496634788758842,-0.021967850812220968
2,4,8,tier3 fluid<->non-fluid,0.012738832281967816,0.006192963609389035,-0.013360418953078268
2,4,9,tier3 fluid<->non-fluid,0.06472948266029976,0.02363273851406722,-0.00893422066006
2,4,11,tier3 fluid<->non-fluid,0.02251336344913135,-0.00784252862120316,-0.02342428227869764
2,4,13,tier4 all other pairs,0.025327727498146047,0.008965160221052426,0.0011477577079317403
2,4,19,tier4 all other pairs,0.014738607059625375,0.014346165224368712,-0.018731087955882186
2,4,20,tier4 all other pairs,-0.013901724088931422,-0.017402958483780706,-0.026255258112655167
2,4,29,tier4 all other pairs,0.019660435436581247,0.00504589433727165,-0.007114659309142235
2,4,36,tier4 all other pairs,0.014946918249879482,-0.005621477138325837,-0.02359825842602481
2,4,48,tier4 all other pairs,0.03342192762295193,0.02318055439116995,-0.016017428430872727
2,4,53,tier4 all other pairs,0.010391897842366049,-0.00022303628816056076,-0.013347930842702027
2,4,55,tier4 all other pairs,0.037598989452235276,0.01653636874067388,-0.007603615851975887
2,4,62,tier4 all other pairs,0.08588098549268941,0.04228598229151992,-0.0013427705106203724
2,4,63,tier4 all other pairs,0.0036975200773529115,-0.0029755191707261375,-0.0030773619823927234
2,4,67,tier4 all other pairs,0.013843654397477145,-0.0033760130580211545,-0.010969062535293839
2,4,77,tier4 all other pairs,0.030420011372908062,0.008385497595013613,0.007836095929772635
2,4,79,tier4 all other pairs,0.039990957496305435,0.009681838742193749,0.006707315273772996
2,4,83,tier3 fluid<->non-fluid,0.011402375989116975,0.0065709106385126725,-0.009643124810275294
2,4,85,tier4 all other pairs,0.0002019374988144751,-0.022306743249763894,-0.041695614952002025
2,4,90,tier4 all other pairs,-0.021054120967853196,-0.021505327967591636,-0.011139306877038901
2,4,92,tier4 all other pairs,0.021027647689864537,0.00613002788311523,-0.01888228735464259
2,4,93,tier4 all other pairs,0.027427961458537986,0.0006949206480098002,-0.008487332288246163
2,4,96,tier4 all other pairs,-0.008705560677642055,0.010215502002390853,-0.03346401315390701
2,7,8,tier2 within fluid family,0.09913609249384647,0.05840148022936431,-0.0013510365352311648
2,7,9,tier2 within fluid family,0.13971312508675204,0.06600213606964989,0.017264492858633518
2,7,11,tier2 within fluid family,0.08913709177527307,0.03466946903268664,-0.01905775668211729
2,7,13,tier3 fluid<->non-fluid,0.0005657529717159049,-0.012605025196877007,0.009152479655840873
2,7,29,tier3 fluid<->non-fluid,0.027358636431060845,-0.008597870123304707,-0.01584436486805596
2,7,55,tier3 fluid<->non-fluid,-0.01459937584574611,-0.02581545589969303,-0.015781851941649272
2,7,62,tier3 fluid<->non-fluid,0.006098258579645854,-0.017760361087592047,-0.013176397787513894
2,7,67,tier3 fluid<->non-fluid,-0.011357404655425674,-0.013164324051511356,-0.014211752330687721
2,7,79,tier3 fluid<->non-fluid,0.02312240831712531,-0.016438970439459633,-0.010263011518049536
2,7,83,tier1 precum<->ejaculate,0.37979774139359135,0.33565666306857966,-0.007525593721107837
2,8,9,tier2 within fluid family,0.09831670264937864,0.04164368937973739,-0.0025439277525129977
2,8,11,tier2 within fluid family,0.10958845550278584,0.12654107797504266,-0.018288225979977257
2,8,13,tier3 fluid<->non-fluid,0.02119952267956171,-0.010401460553066233,0.004953355409810456
2,8,29,tier3 fluid<->non-fluid,0.0037277944060678525,-0.01570199243490178,-0.009643371420388291
2,8,55,tier3 fluid<->non-fluid,-0.009728860139559536,-0.007268948647233042,-0.00656171164428021
2,8,62,tier3 fluid<->non-fluid,0.009428992209060238,-0.010809037278985967,0.0018572098642954948
2,8,63,tier3 fluid<->non-fluid,-0.007228863801957974,-0.03046844052370723,-0.01876735452907896
2,8,67,tier3 fluid<->non-fluid,-0.00790963200825634,-0.017741481925152458,-0.014325652106927489
2,8,77,tier3 fluid<->non-fluid,0.0018100272499494974,-0.02598671063249114,0.012215362537329577
2,8,79,tier3 fluid<->non-fluid,0.01771679035210505,-0.0131185194671819,0.008298865771029118
2,8,83,tier2 within fluid family,0.13184115279417563,0.08423653397659503,-0.01698855843629854
2,9,11,tier2 within fluid family,0.07690401804819991,0.08401865955115573,-0.012359091151310064
2,9,13,tier3 fluid<->non-fluid,0.007009811273752997,-0.0014733286177301963,-5.030393615745865e-05
2,9,19,tier3 fluid<->non-fluid,0.01986319543654147,-0.010741601629972175,-0.0077337774462364894
2,9,20,tier3 fluid<->non-fluid,0.0006588072782915955,-0.007711841733481606,-0.004148979182937662
2,9,29,tier3 fluid<->non-fluid,0.03925175959876537,0.002547434160690476,0.002118949785547053
2,9,36,tier3 fluid<->non-fluid,-0.0026573469523161197,-0.013518369329001745,-0.014937362240543761
2,9,48,tier3 fluid<->non-fluid,-0.004313880464627884,-0.02153180161458179,-0.0016147175623981713
2,9,53,tier3 fluid<->non-fluid,-0.001766406524459141,-0.024002639105338064,-0.01870499860758823
2,9,55,tier3 fluid<->non-fluid,0.00016696938339011425,-0.0035823737169280445,-0.0053495290359832914
2,9,62,tier3 fluid<->non-fluid,0.015858602408910794,-0.011192495601384689,0.005835591340476398
2,9,63,tier3 fluid<->non-fluid,-0.007784081235433282,-0.018412609826613746,-0.006046800258962204
2,9,67,tier3 fluid<->non-fluid,0.015030100034500449,-0.011975124586602659,-0.004555667515218964
2,9,77,tier3 fluid<->non-fluid,0.03182992062576029,-0.007335354809065109,0.008913563247935352
2,9,79,tier3 fluid<->non-fluid,0.036016063608565685,-0.0069116844822412205,0.012396321312466041
2,9,83,tier2 within fluid family,0.19828991992878875,0.06066904811291485,-0.007876828617908505
2,9,90,tier3 fluid<->non-fluid,0.007162470451940517,-0.013248226758289183,-0.022426750973709275
2,9,92,tier3 fluid<->non-fluid,-0.009009728937306116,-0.017020630157080996,-0.02601113547652867
2,9,93,tier3 fluid<->non-fluid,0.02438163589917608,-0.008731961084041506,-0.01773316195205088
2,11,13,tier3 fluid<->non-fluid,0.031588783784528784,-0.01958631584420334,0.026226995122079044
2,11,29,tier3 fluid<->non-fluid,-0.002460795924773773,-0.023643638225394392,-0.023212331463190017
2,11,55,tier3 fluid<->non-fluid,-0.010033316190238395,-0.020002884024739043,-0.008165386550811782
2,11,62,tier3 fluid<->non-fluid,0.07455457160836299,-0.017535217177047757,0.04110099568312031
2,11,67,tier3 fluid<->non-fluid,0.01138176104201738,-0.020253327200589144,-0.012967315761259757
2,11,79,tier3 fluid<->non-fluid,0.01720415440020695,-0.014860168398495022,-0.003995876750205074
2,11,83,tier2 within fluid family,0.05218402854727655,0.03994189395153647,-0.017410172840972127
2,13,17,tier4 all other pairs,0.006816485275628836,-0.011460302754039642,-0.020063241944257015
2,13,19,tier4 all other pairs,0.012747201378387696,0.008692877827287893,-0.010315394231823927
2,13,20,tier4 all other pairs,0.006404639908407339,0.008744928327693358,-0.007836892771556414
2,13,29,tier4 all other pairs,0.01395485194376267,0.007325238278834689,-0.00795560475850321
2,13,36,tier4 all other pairs,0.02505762731732941,0.018317570652720327,-0.010933425035145827
2,13,39,tier4 all other pairs,0.011161018961481917,-0.0036734561519708997,-0.011145167954774715
2,13,42,tier4 all other pairs,-0.021502161768391037,-0.0062944141185021785,-0.021232538576464455
2,13,48,tier4 all other pairs,0.019209390724561515,0.007055928399641309,-0.017692793035012144
2,13,51,tier4 all other pairs,-0.03586895516446398,-0.013674295279685111,-0.02991797736109847
2,13,53,tier4 all other pairs,0.010017354616113527,0.007204086933807141,-0.01084543395212667
2,13,55,tier4 all other pairs,0.03734137105459612,0.032430135146319095,-0.00705929040530906
2,13,62,tier4 all other pairs,0.02300875867686103,0.02472228430805623,-0.008046921533460427
2,13,63,tier4 all other pairs,0.028231168615406976,0.023728244942622045,-0.0037645651263980007
2,13,67,tier4 all other pairs,0.0147788107293646,0.010678009024399526,-0.0067461932027008675
2,13,73,tier4 all other pairs,-0.00026769905035251007,-0.0012267641876273494,-0.014367451299345468
2,13,77,tier4 all other pairs,0.032135596106716124,0.018041261606369097,-0.0072101120284933096
2,13,79,tier4 all other pairs,0.01824662812560729,0.016737479012928214,-0.0021377077994828575
2,13,81,tier4 all other pairs,0.0077036504857845856,0.018584240999152235,-0.01989940428396153
2,13,83,tier3 fluid<->non-fluid,-0.0002463550744080667,-0.009025186923097728,-0.025716335933486878
2,13,85,tier4 all other pairs,0.00977328478049122,-0.001709269973009242,-0.01984804403981477
2,13,90,tier4 all other pairs,0.020838407720088825,0.004327153822531127,-0.010947948792961126
2,13,91,tier4 all other pairs,-0.016064805202379517,-0.022328015155788528,-0.026707899639891286
2,13,92,tier4 all other pairs,0.041847092895582305,0.0355872576564793,-0.00700372422050588
2,13,93,tier4 all other pairs,0.022378634577872147,0.013022653558445674,-0.01160108883560862
2,13,96,tier4 all other pairs,0.0033287509987129926,-0.0021398836167747515,-0.018950919231552232
2,17,19,tier4 all other pairs,0.013575000670542958,-0.00587431334535693,-0.008497227526048867
2,17,20,tier4 all other pairs,0.0020602193071455055,-0.014256337490764492,-0.003831006566664019
2,17,29,tier4 all other pairs,0.017832537467990517,-0.01105250688621906,-0.003067091302854097
2,17,53,tier4 all other pairs,0.006365154425001629,-0.01053238158121994,-0.012330289809742823
2,17,63,tier4 all other pairs,0.024234733806943742,-0.006785791951491316,0.019812829514805452
2,17,67,tier4 all other pairs,-0.007043125113084248,-0.013564036034571014,-0.016123889251471235
2,17,73,tier4 all other pairs,0.017690738165515474,-0.002716794362015662,0.0027219238746651886
2,17,77,tier4 all other pairs,0.0700192884671218,-0.013748494377420206,0.02729984984211231
2,17,79,tier4 all other pairs,0.007354113566757192,-0.015818180790416303,-0.015244962648321092
2,19,20,tier4 all other pairs,0.008286493939324457,-0.0025465180554120614,-0.011264143393596715
2,19,29,tier4 all other pairs,0.03473780899686174,0.007166988551458586,-0.016419455368071434
2,19,36,tier4 all other pairs,-0.0028163384075734488,-0.017068467607208593,-0.025024827317647214
2,19,42,tier4 all other pairs,-0.008916498233430215,-0.03195567973829139,-0.04968816230222606
2,19,48,tier4 all other pairs,0.008828679207656953,0.015049134117496754,-0.03961845079116677
2,19,53,tier4 all other pairs,0.006255800642061771,-0.0004792765134058463,-0.014780884874107114
2,19,55,tier4 all other pairs,0.0042581779621702065,-0.001345310101492636,-0.010794217821874952
2,19,62,tier4 all other pairs,0.053914367401333485,0.02786175563696036,-0.016653447018625922
2,19,63,tier4 all other pairs,0.009990731041446543,0.004500686512930341,-0.00797003071165503
2,19,67,tier4 all other pairs,0.01597942591668422,0.0008327021570538884,-0.016880154914515
2,19,73,tier4 all other pairs,0.013018260853074781,-0.002161980965614596,-0.028156171493475046
2,19,77,tier4 all other pairs,0.026182850125540447,0.01485085271030362,-0.002778214362683995
2,19,79,tier4 all other pairs,0.027247611235133862,0.0036498785080459895,0.0025869160529914392
2,19,81,tier4 all other pairs,0.0016690210452076082,-0.008743783043629216,-0.029854297948014974
2,20,29,tier4 all other pairs,0.0004904337524005431,-0.0005099293998784837,-0.005215392050639034
2,20,36,tier4 all other pairs,2.909994632738222e-05,-0.010079090494560683,-0.010542950782533866
2,20,42,tier4 all other pairs,0.0007648565228182136,-0.027352801860840437,-0.01395651615355753
2,20,48,tier4 all other pairs,0.002239483846002699,0.003812764231605037,-0.00786475504372186
2,20,53,tier4 all other pairs,-0.0007120162766742766,-0.004055606697712877,-0.005266986002227192
2,20,55,tier4 all other pairs,0.004226678116556637,-0.0055389993066392584,-0.0013685604534310336
2,20,62,tier4 all other pairs,0.004111247060520351,-0.009974040353434743,-0.014206502638426377
2,20,63,tier4 all other pairs,0.0058417858920787324,0.003058236445967588,-0.004192586734613313
2,20,67,tier4 all other pairs,-0.0012599872017411418,-0.004565366885403543,-0.0058130090717127825
2,20,73,tier4 all other pairs,-0.00551698208249185,-0.009868464536333166,-0.009337274724120936
2,20,77,tier4 all other pairs,0.0030497044538358997,0.001763918470844228,-0.0018563726906757338
2,20,79,tier4 all other pairs,0.008760256440684788,0.0013058694676065796,-0.000432999216325447
2,20,81,tier4 all other pairs,-0.004642055097248354,-0.006049579514015191,-0.01338911269809051
2,29,36,tier4 all other pairs,-0.0031335121738018668,-0.01015893118263822,-0.023160456292923293
2,29,39,tier4 all other pairs,-0.0066456670937051765,0.0017579875739507367,-0.027136680573497163
2,29,42,tier4 all other pairs,0.02738329691444763,0.007052695570115675,-0.029419159220447355
2,29,48,tier4 all other pairs,0.015665580895236175,0.01553683565643027,-0.013895846343930929
2,29,51,tier4 all other pairs,-0.028105067262233163,-0.04709052831559979,-0.05587116731336628
2,29,53,tier4 all other pairs,0.04864299168496089,0.020421842726299766,-0.021813760681685945
2,29,55,tier4 all other pairs,0.0007850397536555143,-0.002532110621684902,-0.011324957387826462
2,29,62,tier4 all other pairs,0.010756070878074064,0.0007602141482300206,-0.018819970365936634
2,29,63,tier4 all other pairs,0.016281084302936955,-0.0005211824940600795,-0.013870334301315124
2,29,67,tier4 all other pairs,0.018532444035395113,0.004656285696851281,-0.00539674771581744
2,29,73,tier4 all other pairs,0.05134370059757776,0.003147151367428047,-0.01082536962275138
2,29,77,tier4 all other pairs,0.02185159164391104,0.005892553657469213,-0.01548205259980806
2,29,79,tier4 all other pairs,0.04507498938888055,0.00867212642230708,0.00017474500466374554
2,29,81,tier4 all other pairs,-0.016598963011938528,-0.00779625413274565,-0.037772879909075074
2,29,83,tier3 fluid<->non-fluid,0.07730723150328489,-0.03180263180517917,-0.03758730010081135
2,29,85,tier4 all other pairs,0.03820148328052009,0.015829093229954183,-0.016174719848684793
2,29,90,tier4 all other pairs,0.0031360053705394852,-0.0074304095344006615,-0.009455449381683856
2,29,91,tier4 all other pairs,0.029946652414290953,-0.012866490682155618,-0.017315123171286917
2,29,92,tier4 all other pairs,-0.005157678566884538,0.0008120637251952667,-0.017015231220575133
2,29,93,tier4 all other pairs,0.0033072444303847703,-0.005456987533925206,-0.01978533917508596
2,29,96,tier4 all other pairs,-0.0018404708749957255,-0.002955083551515525,-0.03298886065755724
2,36,48,tier4 all other pairs,0.01656073861189089,-0.010407394997251629,-0.025136861608281658
2,36,53,tier4 all other pairs,-0.018417250402815055,-0.030104665046593482,-0.04426505272374048
2,36,55,tier4 all other pairs,0.12209649849419779,0.07947475929510972,-0.0014251626774719472
2,36,62,tier4 all other pairs,0.018700164290354482,0.0077869304281190654,-0.03650494166679796
2,36,63,tier4 all other pairs,0.035307482108665855,0.031935856389512796,-0.020613346102525965
2,36,67,tier4 all other pairs,0.0016468092766789288,-0.004374058377803136,-0.0196851069101327
2,36,73,tier4 all other pairs,-0.017778818997257195,-0.03391278240519169,-0.0410086943517316
2,36,77,tier4 all other pairs,0.036823905195963236,0.026861724253361974,-0.023450785834430832
2,36,79,tier4 all other pairs,0.0039883756188263675,0.0002356495574534767,-0.01973875020936422
2,36,81,tier4 all other pairs,-0.01304229913885857,-0.04006372295091731,-0.057504905957355135
2,36,90,tier4 all other pairs,-0.0006838593080431554,-0.03275925374562583,-0.026978143617145678
2,36,92,tier4 all other pairs,0.023567091362801107,0.024359406034729636,-0.04195959603913857
2,36,93,tier4 all other pairs,0.016895983560384464,0.013849576737358316,-0.04722107578157564
2,39,42,tier4 all other pairs,0.04803891137897054,0.02317041141351328,-0.028408399638537807
2,39,48,tier4 all other pairs,0.03520749478378571,0.0036201675502752773,0.02853855237845615
2,39,55,tier4 all other pairs,0.017815390398082442,-0.012755947009131408,-0.003976538176083455
2,39,62,tier4 all other pairs,-0.007252210848678331,-0.005010418586445686,-0.01851856350198977
2,39,63,tier4 all other pairs,0.03739519744284947,-0.0015396202423454408,-0.00018944647110075152
2,39,67,tier4 all other pairs,0.008217023862138961,0.0027250709338862977,-0.003720885201160984
2,39,73,tier4 all other pairs,0.03706624915535328,0.005775290846398273,-0.022605993865513208
2,39,77,tier4 all other pairs,0.027073927965290956,-0.012740692771008533,-0.004525311694318246
2,39,79,tier4 all other pairs,0.02476459894734151,-0.005329922685770372,0.012616886875886135
2,42,48,tier4 all other pairs,0.015712083306497537,-0.0027905236969913982,-0.036740453908341575
2,42,55,tier4 all other pairs,0.012981399151778095,-0.013209675693805378,-0.015873194063090956
2,42,62,tier4 all other pairs,-0.014140024067402113,-0.01784785290591273,-0.013863604143925956
2,42,63,tier4 all other pairs,-0.009787106157344905,-0.027267053121701634,0.0014107190107005563
2,42,67,tier4 all other pairs,-0.013647666573323392,-0.021528338636573885,-0.030010160998032775
2,42,73,tier4 all other pairs,0.06100374674250997,0.030739508282267014,-0.009792068674694399
2,42,77,tier4 all other pairs,0.014013444914473316,-0.03548542951283218,-0.009233135160284567
2,42,79,tier4 all other pairs,0.04266800769656587,0.0013655669423826566,0.008268199404083854
2,48,51,tier4 all other pairs,-0.016430086648598907,-0.02833936166003559,-0.018776384402204194
2,48,53,tier4 all other pairs,0.0009664030738404383,-0.013613992078244985,0.0006186527503434514
2,48,55,tier4 all other pairs,0.007133351428557311,0.000745612889680225,0.002363502597958589
2,48,62,tier4 all other pairs,0.006524299919334453,-0.0008304942927419567,0.0009049211776199773
2,48,63,tier4 all other pairs,0.011393010746687526,-0.008794876444912836,-0.0038755633170672876
2,48,67,tier4 all other pairs,0.023988118609359566,0.012110850879842427,0.0013670262592446747
2,48,73,tier4 all other pairs,0.01318499328747702,-0.010207744072786795,-0.005511095755907247
2,48,77,tier4 all other pairs,0.017779702599223346,-0.006261193801490039,-0.006123016635654954
2,48,79,tier4 all other pairs,0.02453146831964259,0.0012907208162543649,0.006221125579545017
2,48,85,tier4 all other pairs,-0.011016376374561654,-0.014752492805514716,-0.012204741545673636
2,48,90,tier4 all other pairs,0.037085979940786995,-0.010775058566723894,0.019762394634584846
2,48,92,tier4 all other pairs,0.023818803624114482,-0.0003727247237876874,-0.0011405829368860143
2,48,93,tier4 all other pairs,0.004890301846192102,-0.0071092361261522186,-0.012947018187279058
2,48,96,tier4 all other pairs,0.004611865661396042,-0.016957671308346578,-0.010425203638813496
2,51,67,tier4 all other pairs,-0.023295817967107668,-0.029776294202797038,-0.032875148180468106
2,51,79,tier4 all other pairs,-0.009685730463723452,-0.04242700563751689,-0.021089833284350767
2,53,55,tier4 all other pairs,-0.0068405417752668285,-0.017792401958863113,-0.02161961283779079
2,53,62,tier4 all other pairs,-0.014611756346380567,-0.014735090320225686,-0.0335813339562574
2,53,63,tier4 all other pairs,0.017356801982580272,-0.00027726830507934785,-0.008406471489338374
2,53,67,tier4 all other pairs,-0.017476153122219173,-0.014798864447350235,-0.01909360207029631
2,53,73,tier4 all other pairs,0.016019929047946135,-0.01750296179378963,-0.021866493173620993
2,53,77,tier4 all other pairs,0.018395101754662524,7.181010135270949e-05,-0.011614078075601775
2,53,79,tier4 all other pairs,0.04831161531424477,0.024705358749351758,0.00245441293341242
2,53,81,tier4 all other pairs,-0.002719467745112336,0.0012565385642792082,-0.02094522771499907
2,55,62,tier4 all other pairs,0.033125493467509814,0.01561577243856671,-0.005750562145798943
2,55,63,tier4 all other pairs,0.020065872257448936,0.01584083167359085,-0.002672045333048434
2,55,67,tier4 all other pairs,0.015734322055983685,0.010408814889113938,-0.00618400736875091
2,55,73,tier4 all other pairs,0.0063515001588621,-0.006992640146823659,-0.01493408584749445
2,55,77,tier4 all other pairs,0.04366020078624444,0.03966260262900534,-0.00882991543403322
2,55,79,tier4 all other pairs,0.024995365436379147,0.0017122971730995085,0.0008712717006352788
2,55,81,tier4 all other pairs,0.001360974434164608,-0.003566697692440002,-0.0037974574848114173
2,55,83,tier3 fluid<->non-fluid,-0.0071314004155140776,-0.018494845818856742,-0.025547852044027763
2,55,85,tier4 all other pairs,-0.021670597397150493,-0.010167133044337362,-0.035746744211268
2,55,90,tier4 all other pairs,0.007863004248579886,-0.011640009318634403,-0.003533276264476637
2,55,92,tier4 all other pairs,0.026613875202049275,0.011005889415167114,-0.0067508503184023905
2,55,93,tier4 all other pairs,0.03964674390062706,0.030148849182088933,-0.011196598295989846
2,55,96,tier4 all other pairs,-0.006363669942018646,-0.01789435869759748,-0.015704680114720704
2,62,63,tier4 all other pairs,0.027220969681894358,0.00240647417915818,-0.002221480263951525
2,62,67,tier4 all other pairs,0.01635261663576082,0.013032425719738172,-0.012811565857767215
2,62,73,tier4 all other pairs,-0.030222613088673578,-0.031539461680255565,-0.05579982705430808
2,62,77,tier4 all other pairs,0.0267141498868263,0.0038600493819854753,-0.00022509841815487874
2,62,79,tier4 all other pairs,0.004065275526224599,0.0004718256048067415,-0.002332971618317581
2,62,83,tier3 fluid<->non-fluid,-0.01224381652709261,-0.03521666734488971,-0.0505839854285266
2,62,85,tier4 all other pairs,-0.009400415124592776,-0.02054725343356356,-0.03764513026173155
2,62,90,tier4 all other pairs,0.0009689297261394891,-0.029560182771577903,-0.015498514938919072
2,62,92,tier4 all other pairs,0.037370288402796104,0.01508122215053398,-0.015590165955513546
2,62,93,tier4 all other pairs,0.019462292516290836,-0.01042436866015084,-0.016468654793191595
2,62,96,tier4 all other pairs,0.060638800802571446,0.04680284068198992,-0.02937910965108359
2,63,67,tier4 all other pairs,0.029914193174564563,0.01948716213213697,-0.008506877538463797
2,63,73,tier4 all other pairs,0.0048532665328323565,-0.010558138211298473,-0.01503369060561277
2,63,77,tier4 all other pairs,0.017248698027366394,0.007819711190524714,-0.0072420692826171695
2,63,79,tier4 all other pairs,0.01562148163989896,0.0025656260666503394,3.213035054783209e-05
2,63,81,tier4 all other pairs,-0.0023553500294661855,-0.019348772202747666,-0.024344924748108232
2,63,83,tier3 fluid<->non-fluid,0.007973119015802554,-0.03352645644262586,-0.07671860494852423
2,67,73,tier4 all other pairs,-0.0024003421334271025,-0.019291086677156066,-0.012815674502658414
2,67,77,tier4 all other pairs,0.010922192521579444,-0.0018170259504139974,-0.0019268363537028321
2,67,79,tier4 all other pairs,0.014404738340400014,-0.0026559027291046533,-0.002021107958375401
2,67,81,tier4 all other pairs,0.006777285137000155,0.013734561277561674,-0.025288345570335213
2,67,83,tier3 fluid<->non-fluid,0.03197793522095904,-0.015201923797562689,-0.02181517520928944
2,67,85,tier4 all other pairs,-0.006455992351552808,-0.02396165894725555,-0.013772514917439027
2,67,90,tier4 all other pairs,0.024000954912877792,-0.012410879214990844,-0.002035648647675803
2,67,91,tier4 all other pairs,-0.010748094764603477,-0.016779827483639265,-0.025564599202289484
2,67,92,tier4 all other pairs,0.02961009956427163,0.01488441511697769,-0.007282021944840622
2,67,93,tier4 all other pairs,0.005464152937889599,-0.006527792073579786,-0.011098495022039856
2,67,96,tier4 all other pairs,0.013916421826160597,-0.005329935305258937,-0.011451486598641702
2,73,77,tier4 all other pairs,0.01142778492406249,-0.0068202920689754976,-0.007548469007749858
2,73,79,tier4 all other pairs,0.018422082972528897,-0.004233322601138179,-0.0024226889403302643
2,73,81,tier4 all other pairs,-0.002956851547178063,-0.020447736983458586,-0.044237094624921314
2,77,79,tier4 all other pairs,0.020489879384902432,0.006153367854643155,-0.0023957219482637626
2,77,81,tier4 all other pairs,-0.011157074582662352,-0.0028559610016183345,-0.020886887154884848
2,77,83,tier3 fluid<->non-fluid,0.023956653141704698,-0.021274344346872143,-0.04603944008000771
2,79,81,tier4 all other pairs,0.005580162526285348,-0.00022866305355395689,-0.013687700489939836
2,79,83,tier3 fluid<->non-fluid,0.019940935618894207,-0.011417663592534932,-0.006450283342997354
2,79,85,tier4 all other pairs,0.005808342868150684,0.006920653380594999,-0.015359418480408005
2,79,90,tier4 all other pairs,-0.0035662984384092766,0.002555286623338371,-0.014830313972792997
2,79,91,tier4 all other pairs,0.01418590602373615,-0.019908290539285778,-0.024031944132019367
2,79,92,tier4 all other pairs,0.00545321519491071,0.000611794639787222,-0.007877467047383124
2,79,93,tier4 all other pairs,0.01164966024088665,0.0029711713069298096,-0.006554428815501945
2,79,96,tier4 all other pairs,0.0009279807051731925,-0.0004448445611835439,-0.0087643943902318
2,85,90,tier4 all other pairs,-0.021762559284129068,-0.013616526812630037,-0.020853540838455142
2,85,91,tier4 all other pairs,-0.02168993482241821,-0.03699866405717156,-0.04492945513008806
2,85,92,tier4 all other pairs,0.0025583977227191523,0.0065144049116778735,-0.020257958118129915
2,85,93,tier4 all other pairs,0.0010009681590051889,-0.004365976385997783,-0.02473910755791997
2,85,96,tier4 all other pairs,-0.00834338058995332,-0.012681719613505837,-0.02548993850456971
2,90,91,tier4 all other pairs,-0.010722850893746694,-0.005833572732064196,-0.00977188349273117
2,90,92,tier4 all other pairs,0.004472584094906473,0.004188601801426328,-0.00949385423955773
2,90,93,tier4 all other pairs,0.0033613693033677228,-0.0024752119516877613,-0.004179729583199565
2,90,96,tier4 all other pairs,0.001622949333796031,-0.007438912425766109,-0.009042081982796546
2,91,92,tier4 all other pairs,0.010636029114243772,-0.026272357532202806,-0.008697187444230092
2,91,93,tier4 all other pairs,-0.0028850316144322097,-0.019453205856736933,-0.020394343408586257
2,91,96,tier4 all other pairs,0.010804194106229681,-0.013389927806990887,-0.031331776877358886
2,92,93,tier4 all other pairs,0.021061458864468863,0.012408159683166664,-0.01280678492628784
2,92,96,tier4 all other pairs,0.022329142125474433,0.001033354678924181,-0.015049770214059066
2,93,96,tier4 all other pairs,0.017921215434963944,0.007113829563935248,-0.011619738205411956
3,1,4,tier4 all other pairs,0.06855751633438223,0.05501781515856996,-0.009688262827737493
3,1,7,tier3 fluid<->non-fluid,0.014246192507391009,-0.008141803238137957,-0.0147079031601558
3,1,8,tier3 fluid<->non-fluid,0.0025263554979951808,-0.004464518125452566,-0.016332505093574978
3,1,9,tier3 fluid<->non-fluid,0.026079248635507812,0.018271926583264486,-0.007728017036297885
3,1,11,tier3 fluid<->non-fluid,-0.0027865541968175034,-0.0008685447196064011,-0.025613251950737714
3,1,13,tier4 all other pairs,0.01982450664678881,0.014992581887973144,-0.0035190004467229308
3,1,17,tier4 all other pairs,-0.002825982906568214,0.0029435810212903313,-0.023079225350805643
3,1,19,tier4 all other pairs,0.015635196430596632,0.009476623072086632,-0.006904634906894858
3,1,20,tier4 all other pairs,0.006607193853248705,0.0004633807097359499,-0.004254062571626305
3,1,29,tier4 all other pairs,0.013304557849729726,0.005506578845307142,-0.004712178910357245
3,1,36,tier4 all other pairs,0.022192693033289412,0.022257309161528127,-0.00749248271258085
3,1,39,tier4 all other pairs,0.011984224532998522,-0.0034042425112277286,-0.013325732828433967
3,1,42,tier4 all other pairs,0.0011359523726083287,0.006948877184410507,-0.01430974005811092
3,1,48,tier4 all other pairs,0.01046578240595264,0.00476442688128742,-0.011275381877261736
3,1,51,tier4 all other pairs,0.008201939318581597,0.020992929367242286,-0.014732276896986418
3,1,53,tier4 all other pairs,0.011943222157360989,0.009116084859181917,-0.007100815558713558
3,1,55,tier4 all other pairs,0.01711684769844457,0.023277775199464945,-0.005119623846691956
3,1,62,tier4 all other pairs,0.039625156231120395,0.042227907620900784,-0.004724506118800154
3,1,63,tier4 all other pairs,0.022264571232056163,0.02120134558889175,-0.0027870733609742793
3,1,67,tier4 all other pairs,0.008042664041926773,0.005476825963101728,-0.0049534143146692244
3,1,73,tier4 all other pairs,0.016878125055592497,0.0014141630532276128,-0.011523106740541467
3,1,77,tier4 all other pairs,0.08546915342864614,0.07584543040702818,-0.00552456819863778
3,1,79,tier4 all other pairs,0.019312473285767795,0.008180055811995213,-0.0009402140985981244
3,1,81,tier4 all other pairs,-0.0007336887143496451,0.001245395473268962,-0.014222385964197226
3,1,83,tier3 fluid<->non-fluid,0.012285365982924179,0.002990149924315011,-0.013832346135749907
3,1,85,tier4 all other pairs,0.013287458503462468,0.00829241404075809,-0.013037371884416116
3,1,90,tier4 all other pairs,0.003027592738300555,-0.0005854830193090521,-0.011923340936093041
3,1,91,tier4 all other pairs,0.015426423843326598,-0.00423989086683596,-0.01715803350892342
3,1,92,tier4 all other pairs,0.038903365895931685,0.029226488154691532,-0.006345600580500266
3,1,93,tier4 all other pairs,0.09627321244411502,0.07312304529510127,-0.008901006128994693
3,1,96,tier4 all other pairs,0.012872452899545306,0.011814711697048064,-0.005686983827979164
3,4,7,tier3 fluid<->non-fluid,0.021007294646576913,0.00037739041038309384,-0.013253114187647963
3,4,8,tier3 fluid<->non-fluid,0.016255365475107975,0.009125294912493365,-0.029446891707045397
3,4,9,tier3 fluid<->non-fluid,0.07183328365853403,0.0217523474602781,-0.0055428635245498015
3,4,11,tier3 fluid<->non-fluid,0.009405389468017056,0.011447441350349696,-0.018685792196692752
3,4,13,tier4 all other pairs,0.017804088063330337,0.007636863313764786,-0.0020899964285647776
3,4,19,tier4 all other pairs,0.015136153006928277,0.01087553206648495,-0.018300349255225834
3,4,20,tier4 all other pairs,0.010065845918291183,-0.02906496622423882,-0.015032187188496637
3,4,29,tier4 all other pairs,0.010817237236085853,0.009974765257696472,-0.011127682198556199
3,4,36,tier4 all other pairs,8.198933398362307e-05,1.3027525370690185e-05,-0.0211664533044289
3,4,48,tier4 all other pairs,-0.0033885991218491895,-0.0020555118011011952,-0.017042253517884465
3,4,53,tier4 all other pairs,0.014064843964992302,-0.00776861594068512,-0.02105226578506092
3,4,55,tier4 all other pairs,0.054332238350046524,0.023595171928820102,-0.002857212052403524
3,4,62,tier4 all other pairs,0.07309590370447261,0.053553454765158826,0.0015182469180782254
3,4,63,tier4 all other pairs,-0.0006566991817908985,-0.010146085832875462,-0.01634332347154488
3,4,67,tier4 all other pairs,0.012526783017397847,-0.006750219958564285,-0.013190815963621372
3,4,77,tier4 all other pairs,0.02938930331466827,0.0025710374026757243,6.274188025978678e-05
3,4,79,tier4 all other pairs,0.05146391216433621,0.008154629894442711,-0.0026311135165537625
3,4,83,tier3 fluid<->non-fluid,0.03503569399148165,0.011028013781325785,-0.02204054433107716
3,4,85,tier4 all other pairs,-9.983878083508202e-05,0.005358990027689692,-0.020107866406871455
3,4,90,tier4 all other pairs,-0.001943569662163025,-0.012215623860144298,-0.021322383460786964
3,4,92,tier4 all other pairs,-0.0012301767267606234,-0.0006216441793611693,-0.01770796853742973
3,4,93,tier4 all other pairs,0.01652226715977645,-0.001369439009232476,-0.01220820160796321
3,4,96,tier4 all other pairs,-0.0037433746247030886,-0.01617072548467724,-0.021967536659710518
3,7,8,tier2 within fluid family,0.08767554559050128,0.06928273681283703,-0.0057711663985478
3,7,9,tier2 within fluid family,0.143894498327239,0.048427662207798816,-0.004120232299155591
3,7,11,tier2 within fluid family,0.06797502777433595,0.06251761754363339,-0.02424207480077989
3,7,13,tier3 fluid<->non-fluid,0.020509343906409683,-0.013602800123968528,0.007448540453288133
3,7,29,tier3 fluid<->non-fluid,0.03416077313393295,-0.011417527305833675,-0.012895099143746203
3,7,55,tier3 fluid<->non-fluid,-0.0030209516012298376,-0.006983977930863139,-0.0031690897128016093
3,7,62,tier3 fluid<->non-fluid,0.014812587892008788,-0.01848420550367824,-0.0050595326476501334
3,7,67,tier3 fluid<->non-fluid,0.005684627141886445,-0.02721822799427076,-0.006195975469908577
3,7,79,tier3 fluid<->non-fluid,0.02582468615278677,-0.012230005144442613,0.0038194719133421984
3,7,83,tier1 precum<->ejaculate,0.4326617305666466,0.34795605702766963,-0.009468952382252871
3,8,9,tier2 within fluid family,0.08108620133404654,0.04781178663823904,-0.003102259065837387
3,8,11,tier2 within fluid family,0.10595543276584651,0.10352994826637829,-0.03131041174632365
3,8,13,tier3 fluid<->non-fluid,0.013607518216861236,-0.004383320958885051,0.009812453108393071
3,8,29,tier3 fluid<->non-fluid,0.012522263214834073,-0.019084810964801413,-0.011868753638806906
3,8,55,tier3 fluid<->non-fluid,-0.0035008941620686684,-0.007485338705506717,-0.007137032206966376
3,8,62,tier3 fluid<->non-fluid,0.012472529957512246,-0.011603967390853676,-0.006083152546337178
3,8,63,tier3 fluid<->non-fluid,-0.005460179706989088,-0.01853430098167541,-0.02032903342805259
3,8,67,tier3 fluid<->non-fluid,-0.013313498876240892,-0.01521952713155561,-0.01382003283424904
3,8,77,tier3 fluid<->non-fluid,0.009550866878411446,-0.025167303366017135,-0.004765987248389392
3,8,79,tier3 fluid<->non-fluid,0.020394545341829162,-0.007789594816872691,0.004516546961431778
3,8,83,tier2 within fluid family,0.13333625094585833,0.06899679632860245,-0.0142574706892582
3,9,11,tier2 within fluid family,0.09673498378788625,0.09042403161461099,-0.016093725659626967
3,9,13,tier3 fluid<->non-fluid,0.012091035970990371,-0.003653556645821121,0.0005694882063334017
3,9,19,tier3 fluid<->non-fluid,0.015318415598587709,-0.01175358631945067,-0.014675673818018709
3,9,20,tier3 fluid<->non-fluid,0.005552105991751377,-0.01225099948319186,-0.0077570474569959025
3,9,29,tier3 fluid<->non-fluid,0.025472106288586094,0.0003948001556847158,-0.005219577035068923
3,9,36,tier3 fluid<->non-fluid,-0.013947933445215943,-0.016571741924406247,-0.008646233745182696
3,9,48,tier3 fluid<->non-fluid,-0.021174047396656848,-0.015747950028390578,-0.041021376752693905
3,9,53,tier3 fluid<->non-fluid,-0.0022414100160699224,-0.017861177223822855,-0.01089582055902838
3,9,55,tier3 fluid<->non-fluid,-0.00842901155864717,-0.006651516410672187,0.0008184109336177858
3,9,62,tier3 fluid<->non-fluid,0.022990208937757717,-0.0010585501587245805,0.004426564630894747
3,9,63,tier3 fluid<->non-fluid,-0.009603269509260048,-0.015514047378200946,-0.019696377756243333
3,9,67,tier3 fluid<->non-fluid,0.009821341437310949,-0.014678148305304006,-0.007785289736941037
3,9,77,tier3 fluid<->non-fluid,0.03105148947368197,-0.003291486580853542,-0.003739525479370398
3,9,79,tier3 fluid<->non-fluid,0.03590129733570269,0.0014466870140267263,0.01844819360834582
3,9,83,tier2 within fluid family,0.18366866858567377,0.07732423545719191,0.006649860332767155
3,9,90,tier3 fluid<->non-fluid,-0.00983420636865473,-0.013581882032156711,0.0008392038513925781
3,9,92,tier3 fluid<->non-fluid,-0.0061728287157905015,-0.026137819646150584,-0.01605257972468399
3,9,93,tier3 fluid<->non-fluid,0.018034170576523456,-0.0030538292792732236,-0.006640991758479764
3,11,13,tier3 fluid<->non-fluid,0.02195050419772293,-0.011821891652913141,0.023983528658431674
3,11,29,tier3 fluid<->non-fluid,-0.01147258602191914,-0.015281757479524982,-0.01845487811812352
3,11,55,tier3 fluid<->non-fluid,0.01093342684987364,-0.0005255349811348342,-0.0016982447816262791
3,11,62,tier3 fluid<->non-fluid,0.06284131881645205,0.0006789024957426504,0.06297780781373807
3,11,67,tier3 fluid<->non-fluid,-0.018497886578744405,-0.014580462766551783,-0.01296840229950047
3,11,79,tier3 fluid<->non-fluid,0.0066760925838244,-0.010470524087497601,0.0016500318044678774
3,11,83,tier2 within fluid family,0.11036766208813586,0.08562626020608977,-0.017248367101377227
3,13,17,tier4 all other pairs,0.0019471231431666958,-0.01539644252581418,-0.022922743212950847
3,13,19,tier4 all other pairs,0.008367804477179885,0.004840534504623961,-0.009859310351691297
3,13,20,tier4 all other pairs,0.010389273665578846,0.016236243028663,-0.009421023171713117
3,13,29,tier4 all other pairs,0.012456443986537669,0.009105804262895423,-0.010551693366658288
3,13,36,tier4 all other pairs,0.02628651890321254,0.022662848670649605,-0.009269106356222467
3,13,39,tier4 all other pairs,0.007324033182816048,0.0014814544686974074,-0.01776664674294204
3,13,42,tier4 all other pairs,-0.001033308960736834,-0.010661503375888337,-0.0284039336140518
3,13,48,tier4 all other pairs,0.00388985140792808,0.010114151414147954,-0.015067138416240411
3,13,51,tier4 all other pairs,-0.04005744050198001,-0.020200477812120532,-0.024139037792652474
3,13,53,tier4 all other pairs,0.01054208242685728,0.011198877290197307,-0.006514364732568723
3,13,55,tier4 all other pairs,0.04077184132717426,0.02953884198527712,-0.005959957657901693
3,13,62,tier4 all other pairs,0.027269758698989732,0.01675739593631509,-0.0062441426781194576
3,13,63,tier4 all other pairs,0.03300950601735997,0.024985082227439892,-0.004983936137890277
3,13,67,tier4 all other pairs,0.009144443826846982,0.009241219835130376,-0.005068307371114411
3,13,73,tier4 all other pairs,9.735236141328318e-05,-0.007233136988474387,-0.01298745823628411
3,13,77,tier4 all other pairs,0.037069715110978674,0.02255706631129817,-0.0041416927228512534
3,13,79,tier4 all other pairs,0.01687632011039797,0.010759107865384143,-0.003375607782037937
3,13,81,tier4 all other pairs,0.013218180053291562,0.004788079581824589,-0.02411310575145964
3,13,83,tier3 fluid<->non-fluid,0.009299431783664325,-0.003235054512020108,-0.019890018306370827
3,13,85,tier4 all other pairs,0.004512283783948634,-3.252638512307726e-05,-0.012400882814615377
3,13,90,tier4 all other pairs,0.011771927118558345,0.004793012855717316,-0.011295316511693576
3,13,91,tier4 all other pairs,-0.01933166526121588,-0.024108898087356945,-0.03284827990809269
3,13,92,tier4 all other pairs,0.032972328031824816,0.03649686492434323,-0.011309076695713571
3,13,93,tier4 all other pairs,0.026522818778169754,0.022310584152959168,-0.010159232849398014
3,13,96,tier4 all other pairs,0.0028003961867010263,0.002925376798901813,-0.007986857057744823
3,17,19,tier4 all other pairs,0.015239671187864623,0.002780865572584057,-0.006524686425233517
3,17,20,tier4 all other pairs,-0.008031900227966737,-0.011224599426675752,0.00620992083676597
3,17,29,tier4 all other pairs,0.011844018887265273,-0.0037303431821376076,-0.023892477515143895
3,17,53,tier4 all other pairs,-0.003957027140407909,-0.018977987886139136,-0.011538240463359717
3,17,63,tier4 all other pairs,0.014730635355133082,-0.003185557219517632,0.0063830544694722935
3,17,67,tier4 all other pairs,-0.000585070608104088,-0.004528963750437098,-0.006652496687251208
3,17,73,tier4 all other pairs,0.01851870009327561,-0.011218642536943602,-0.0026205974279192024
3,17,77,tier4 all other pairs,0.05991684952451104,-0.0036983064838647106,0.048459571082892006
3,17,79,tier4 all other pairs,0.02525633337887656,-0.011932978550049933,0.0020060379308302068
3,19,20,tier4 all other pairs,-0.0001804866672254768,-0.0014986881135512498,-0.004833396101615373
3,19,29,tier4 all other pairs,0.021487636506492325,0.0014310682464340196,-0.007432806156987715
3,19,36,tier4 all other pairs,-0.006027408240121268,-0.022543516892324256,-0.023056152920428064
3,19,42,tier4 all other pairs,-0.0013083213273599181,-0.006397188543711074,-0.029749341549413888
3,19,48,tier4 all other pairs,0.020133994109638675,-0.015650452368699108,-0.0318817362738153
3,19,53,tier4 all other pairs,0.002636189314529358,-0.0011830966997663506,-0.01638806459988862
3,19,55,tier4 all other pairs,0.004157646694768258,0.001484701549981371,-0.010673334122741851
3,19,62,tier4 all other pairs,0.03582215363698715,0.031632928750025546,-0.012305926680442392
3,19,63,tier4 all other pairs,0.00918222377548572,0.006652610899178457,-0.010017427299408466
3,19,67,tier4 all other pairs,0.006471764646928557,-0.0004391750643431003,-0.010770321593023269
3,19,73,tier4 all other pairs,0.028522296154042448,0.009043943005415223,-0.026090907099457494
3,19,77,tier4 all other pairs,0.025190246312282283,0.016031742796522086,-0.0020140196219360362
3,19,79,tier4 all other pairs,0.0170341915940756,3.2492332435629656e-05,-0.0009751882398687517
3,19,81,tier4 all other pairs,-0.004205596543344514,-0.021325683537456674,-0.043600831767741655
3,20,29,tier4 all other pairs,0.005477797123060069,-0.0016846808967192484,-0.0016040628020075332
3,20,36,tier4 all other pairs,-0.0015534796881340185,-0.00983412264307959,-0.005242171066050849
3,20,42,tier4 all other pairs,-0.003483353724128335,-0.0220430033500989,-0.004823462314207161
3,20,48,tier4 all other pairs,-0.006451199781193573,-0.006810531740899739,-0.02364471791925582
3,20,53,tier4 all other pairs,0.00241067713438492,-0.007316103588663747,-0.005081210193290442
3,20,55,tier4 all other pairs,0.006799664536806693,-0.002725191615346123,-0.0016440581357606288
3,20,62,tier4 all other pairs,-0.006011728159782237,-0.0006117034942703103,-0.005866172209907372
3,20,63,tier4 all other pairs,0.006150921268158527,0.00029091967896099913,-0.0050200819306347455
3,20,67,tier4 all other pairs,0.002442602719883613,-0.006562284950891062,-0.006286370274426911
3,20,73,tier4 all other pairs,0.0003205814749747127,-0.007419670975218118,-0.007500682531899283
3,20,77,tier4 all other pairs,0.004058170816689244,0.004633140625840415,-0.00044384951438569686
3,20,79,tier4 all other pairs,0.003435088322618074,-0.0016045050778681347,0.0019618380148028747
3,20,81,tier4 all other pairs,-0.012006196203875108,-0.005415945162501767,-0.016187119531645866
3,29,36,tier4 all other pairs,-0.01510762963775969,-0.013040119179216658,-0.017662080775627365
3,29,39,tier4 all other pairs,0.005073094120452204,-0.026547239313749138,-0.04050274222366501
3,29,42,tier4 all other pairs,0.010347607047966556,-0.012555125010061952,-0.03219057649439727
3,29,48,tier4 all other pairs,0.010019981678354717,0.0038326141648007406,-0.027138007413302523
3,29,51,tier4 all other pairs,-0.013688880678210502,-0.04730571851959353,-0.05937680241801879
3,29,53,tier4 all other pairs,0.03361128042312811,0.02935560031375206,-0.01661368570864541
3,29,55,tier4 all other pairs,0.003157004166683741,-0.008900911534606815,-0.012848549473796655
3,29,62,tier4 all other pairs,0.0072593057673047134,-0.006925915110610692,-0.010857485037527592
3,29,63,tier4 all other pairs,0.011499855980733109,-0.002798862743681463,-0.013671437933948427
3,29,67,tier4 all other pairs,0.017103980308173727,0.0077085833539747295,-0.013470233728361425
3,29,73,tier4 all other pairs,0.034835735528426226,0.005091572320346405,-0.016907249751345166
3,29,77,tier4 all other pairs,0.020198313930687384,-0.0007623289659890453,-0.012327800552405455
3,29,79,tier4 all other pairs,0.04270208333944103,0.012917532415018917,0.004769087922995241
3,29,81,tier4 all other pairs,-0.015793355204901882,-0.026673221297996985,-0.024035835622183033
3,29,83,tier3 fluid<->non-fluid,0.10381009463636315,-0.011806984835490919,-0.021048586444700312
3,29,85,tier4 all other pairs,0.03147512512993478,0.005704957480481498,-0.02135693009276074
3,29,90,tier4 all other pairs,0.004595812890241802,0.0033753068467835545,-0.025467319518354792
3,29,91,tier4 all other pairs,0.026060929050026105,-0.014311124762259153,-0.037021222250705366
3,29,92,tier4 all other pairs,0.003902994744297228,-0.007229728343874253,-0.02002930444605422
3,29,93,tier4 all other pairs,0.009912896225803047,-0.0010211344361852337,-0.021690553468119544
3,29,96,tier4 all other pairs,-0.008212708344818909,0.003649086183069916,-0.028813934938282992
3,36,48,tier4 all other pairs,0.010860439987138815,0.002334997064173283,-0.025954711131779273
3,36,53,tier4 all other pairs,-0.0182720127978504,-0.02974018212974716,-0.05197498413223545
3,36,55,tier4 all other pairs,0.121548519415424,0.09080945650796157,0.005153935722644776
3,36,62,tier4 all other pairs,0.014634983284556369,-0.004472177671036137,-0.017821333421772945
3,36,63,tier4 all other pairs,0.022383984047378735,0.01251630243279167,-0.02136847417897747
3,36,67,tier4 all other pairs,0.00274706073552089,-0.01575141601232799,-0.015779767543319112
3,36,73,tier4 all other pairs,-0.01682846378270675,-0.029608334680797155,-0.05159465286146858
3,36,77,tier4 all other pairs,0.031016812626263768,0.028615758556467474,-0.018422680114095424
3,36,79,tier4 all other pairs,0.010577433021710214,-0.0006496256425674307,-0.013509261333677802
3,36,81,tier4 all other pairs,-0.02820796383997215,-0.013246396557589302,-0.05857345623481813
3,36,90,tier4 all other pairs,0.017873813893231727,-0.03416896038422501,-0.006560820724350602
3,36,92,tier4 all other pairs,0.014262998140599725,0.000742262565812779,-0.026541755142737822
3,36,93,tier4 all other pairs,0.02613007229052855,0.010507805414839533,-0.03935131170602779
3,39,42,tier4 all other pairs,0.05673694103195959,0.03518297559151862,-0.008464764556222137
3,39,48,tier4 all other pairs,0.03363668244660367,0.0021025803885369454,0.003983223257552404
3,39,55,tier4 all other pairs,0.003536782025170937,-0.01354936096105619,-0.008613260742759588
3,39,62,tier4 all other pairs,-0.009750733754729346,-0.02652440135751233,-0.011681890215114121
3,39,63,tier4 all other pairs,0.03227712700759755,-0.01294229192539742,0.012620468329396561
3,39,67,tier4 all other pairs,0.006425396905752279,0.0005145260629570991,0.003685333097527055
3,39,73,tier4 all other pairs,0.012334000834771097,-0.0021425796273184528,-0.023694466355727473
3,39,77,tier4 all other pairs,0.047853941507195574,-0.03461456627978876,0.011773303985569306
3,39,79,tier4 all other pairs,0.028381284218062186,-0.005103036503557368,0.008827049094084938
3,42,48,tier4 all other pairs,0.009005642114875756,-0.03689698399194796,-0.04490750163983592
3,42,55,tier4 all other pairs,0.0032758820866084504,-0.022471401518023182,-0.017989226631571542
3,42,62,tier4 all other pairs,-0.013818377148588912,-0.022502801455442922,-0.03232508593527461
3,42,63,tier4 all other pairs,-0.008367903294669965,-0.03112752539481911,-0.002291438566584425
3,42,67,tier4 all other pairs,-0.006698604000662689,-0.034005396261108656,-0.025907969146497623
3,42,73,tier4 all other pairs,0.05870895252462127,0.017657709708154612,-0.03371554134296795
3,42,77,tier4 all other pairs,0.026450918998371264,-0.016327572974629945,-0.013482154879092434
3,42,79,tier4 all other pairs,0.04338123720349152,0.0003321267549640794,-0.0007618144418948258
3,48,51,tier4 all other pairs,-0.004619493916224515,-0.028671196761837825,-0.002286740614181104
3,48,53,tier4 all other pairs,-0.010786662803609293,-0.006915090866670859,-0.013239791276909774
3,48,55,tier4 all other pairs,0.011503043688720016,-0.0034663336748284035,0.0029340893937471746
3,48,62,tier4 all other pairs,0.008759998169500793,0.004213305488319663,-0.002744173107146919
3,48,63,tier4 all other pairs,0.02008094832077445,-0.005201183779778296,-2.727662399282238e-06
3,48,67,tier4 all other pairs,0.017640256491215922,0.01103470298568221,-0.003018442480742456
3,48,73,tier4 all other pairs,0.010391705560653941,-0.012550410146318747,0.007549668223346018
3,48,77,tier4 all other pairs,0.021416142789010606,-0.004404256475833757,0.007826211589995635
3,48,79,tier4 all other pairs,0.02245440073594518,0.00010121983282473934,-0.001403273553200135
3,48,85,tier4 all other pairs,-0.006210319479057924,-0.024785272703246708,-0.007592715382611637
3,48,90,tier4 all other pairs,-0.009261412360752619,-0.0013471330898782163,-0.010459709936236017
3,48,92,tier4 all other pairs,0.02742722491635985,0.001149155906569499,0.0021557347638493374
3,48,93,tier4 all other pairs,0.008282385504413625,-0.009498815760374812,-0.010724951511618563
3,48,96,tier4 all other pairs,-0.0010230545787601741,-0.014094469557954348,-0.003412875633126866
3,51,67,tier4 all other pairs,-0.02037315989509092,-0.030065010144852744,-0.040682958354865795
3,51,79,tier4 all other pairs,-0.012702719458073775,-0.039422310782190495,-0.0017719215053890736
3,53,55,tier4 all other pairs,-0.013152074279146442,-0.01335916968844253,-0.0190953729568204
3,53,62,tier4 all other pairs,-0.0075483336321438,-0.025832274860040805,-0.02837157227537923
3,53,63,tier4 all other pairs,0.017788853006435512,0.0013234762303537817,-0.010023498426457333
3,53,67,tier4 all other pairs,-0.01407893064637955,-0.02412898798554619,-0.01876720394392084
3,53,73,tier4 all other pairs,0.023138702341850004,-0.01078931912165726,-0.018702491027012158
3,53,77,tier4 all other pairs,0.013704084950976081,0.007030767761000423,-0.00920622642352531
3,53,79,tier4 all other pairs,0.04799557415243305,0.022916716914237023,-0.008739485332257768
3,53,81,tier4 all other pairs,-0.022595573779799816,-0.006406018092448562,-0.02693723365196221
3,55,62,tier4 all other pairs,0.027992242861929584,0.024760672377112547,-0.007110147411133472
3,55,63,tier4 all other pairs,0.02003824567547896,0.020408509791662977,-0.0023204002538805835
3,55,67,tier4 all other pairs,0.01837435170159729,0.012493530697130772,-0.004496288710450935
3,55,73,tier4 all other pairs,0.012656730430305796,0.0015589795468400336,-0.012539824578829961
3,55,77,tier4 all other pairs,0.04830417852316604,0.039061199476583375,-0.0045806112374162655
3,55,79,tier4 all other pairs,0.0273700398239497,0.014262995871592299,0.003961046860310291
3,55,81,tier4 all other pairs,0.01234516999557167,0.005403287695840531,-0.004915274874701447
3,55,83,tier3 fluid<->non-fluid,-0.004372218926913973,-0.02357492039737563,0.000373873444983186
3,55,85,tier4 all other pairs,-0.019003950819761695,-0.012279662953904147,-0.018225079437103275
3,55,90,tier4 all other pairs,-0.006352992018306969,-0.014711390516123357,-0.016345705397923016
3,55,92,tier4 all other pairs,0.011973567371490135,0.00973749301770388,-0.007143718708822799
3,55,93,tier4 all other pairs,0.029945163374279993,0.032830763811209085,-0.013039357599406554
3,55,96,tier4 all other pairs,0.0112684817302533,-0.0028475362191819897,-0.02778766379896691
3,62,63,tier4 all other pairs,0.02447666448570751,0.01758020299213725,-0.004733662676439154
3,62,67,tier4 all other pairs,0.02036370285069422,0.006209690597974271,-0.007930172255018686
3,62,73,tier4 all other pairs,-0.02552957277851009,-0.039117995186445986,-0.05124068102838031
3,62,77,tier4 all other pairs,0.019177160842917096,-0.004905129131880459,0.00683044909157815
3,62,79,tier4 all other pairs,0.013275916153360767,-0.013036611770181894,-0.014010925499932547
3,62,83,tier3 fluid<->non-fluid,0.0006453145355085343,-0.03921050777078272,-0.04840555088364473
3,62,85,tier4 all other pairs,-0.01641738586282737,-0.009185933630742715,-0.029864585666429688
3,62,90,tier4 all other pairs,-0.023121029178563957,-0.020942607995518614,-0.013281871717625737
3,62,92,tier4 all other pairs,0.03818739833026441,0.017758572331461275,-0.010456445585318441
3,62,93,tier4 all other pairs,0.0058808686028342105,0.0035932986993901794,-0.017146353772500733
3,62,96,tier4 all other pairs,0.08047763889765913,0.05590824610034806,-0.012956845517266169
3,63,67,tier4 all other pairs,0.01871708325542043,0.020808774870052837,-0.009581027421283306
3,63,73,tier4 all other pairs,0.006144050384778166,-0.0046621565179274516,-0.013122337132464024
3,63,77,tier4 all other pairs,0.0163728149785608,0.010755871116740923,-0.006289025523813274
3,63,79,tier4 all other pairs,0.00828598979966877,0.0025261958103629523,-0.006895628515789509
3,63,81,tier4 all other pairs,-0.003140635596714736,-0.012617363238862866,-0.01821308396453558
3,63,83,tier3 fluid<->non-fluid,0.0010582671834100665,-0.016118454819639805,-0.025195520367857105
3,67,73,tier4 all other pairs,0.005613667581863879,-0.00390363293682805,-0.010409531829564722
3,67,77,tier4 all other pairs,0.013575261454973897,-0.003531437937955184,-0.00758738796165459
3,67,79,tier4 all other pairs,0.010627005140523615,0.0029725505657528517,-0.0011512456561730833
3,67,81,tier4 all other pairs,0.014815534545485898,0.0021723463902192375,-0.024359496148844917
3,67,83,tier3 fluid<->non-fluid,-0.006624189673209102,-0.016628998265906025,-0.02597038084209813
3,67,85,tier4 all other pairs,-0.017509080548196554,-0.02192016730995827,-0.01651381561967291
3,67,90,tier4 all other pairs,0.00641901403694678,-0.015761159901635624,0.013188022596039684
3,67,91,tier4 all other pairs,-0.0023246945121271345,-0.003876817143015021,-0.026212851577171348
3,67,92,tier4 all other pairs,0.03214086928077475,0.008449528052106525,-0.0077976546379756595
3,67,93,tier4 all other pairs,0.010533897860673935,-0.00364256350796488,-0.01922216396371046
3,67,96,tier4 all other pairs,0.007862962740855961,-0.0032168132412215833,-0.01962139151462261
3,73,77,tier4 all other pairs,0.009766257378987842,-0.010925414339242545,-0.0026671488397196352
3,73,79,tier4 all other pairs,0.02222245811955481,0.0018806897618377505,-0.006620441319904691
3,73,81,tier4 all other pairs,-0.023983396886324337,-0.033932992537215156,-0.039885764012484115
3,77,79,tier4 all other pairs,0.03081845300779018,0.005675314533751585,-0.00501139297962383
3,77,81,tier4 all other pairs,-0.012696914208864651,-0.013114250611641731,-0.02403169873787414
3,77,83,tier3 fluid<->non-fluid,0.022734914634509718,-0.027890772738882852,-0.04237554770354546
3,79,81,tier4 all other pairs,0.0038722075049826277,0.005396399819272424,-0.015563742806204761
3,79,83,tier3 fluid<->non-fluid,0.02500731723029115,-0.02377569004218638,-0.009425137515161941
3,79,85,tier4 all other pairs,0.008151964756438645,0.0001141067211749558,-0.014809356423360232
3,79,90,tier4 all other pairs,0.003173001540952125,0.00109243742802001,-0.014819146574837516
3,79,91,tier4 all other pairs,0.022374143664431467,-0.006896993857605782,-0.01251089967416652
3,79,92,tier4 all other pairs,0.004765993365710264,-0.0031875906016711752,-0.006455736840422555
3,79,93,tier4 all other pairs,0.011106957145352703,0.0009567735906157449,-0.0070871957805993535
3,79,96,tier4 all other pairs,0.0027739284545815757,-0.006008772757050362,-0.0091912706128634
3,85,90,tier4 all other pairs,-0.012312377892950588,-0.01567335313195839,-0.027804259083909155
3,85,91,tier4 all other pairs,-0.006413890967721159,-0.04977547995691567,-0.04735360209098394
3,85,92,tier4 all other pairs,0.008525428766451348,-0.006403958771947993,-0.02095152901694286
3,85,93,tier4 all other pairs,-7.983079304740848e-05,-0.007155135702245463,-0.015316861464418352
3,85,96,tier4 all other pairs,-0.008133436494821122,-0.018780932702124442,-0.03349806765772434
3,90,91,tier4 all other pairs,-0.015998660719711122,-0.017295675270150745,-0.01861441167289124
3,90,92,tier4 all other pairs,0.00864235499746624,-0.00012572039376212985,-0.004861214004535652
3,90,93,tier4 all other pairs,-0.0028316898971447735,-0.0054689556569100795,-0.0035247980018482394
3,90,96,tier4 all other pairs,-0.004763350440161851,-0.007581905307512349,-0.007767327912219013
3,91,92,tier4 all other pairs,0.004655296707403056,-0.010944041261678139,-0.02203220316738208
3,91,93,tier4 all other pairs,0.00013521132893778987,-0.018230850319163716,-0.028580915006652274
3,91,96,tier4 all other pairs,0.02124437246182942,0.00224931802389039,-0.021075278345088044
3,92,93,tier4 all other pairs,0.022913329072622446,0.006408478560809172,-0.008215217597550062
3,92,96,tier4 all other pairs,0.019694167617234082,0.009703142309000268,-0.014608319407521497
3,93,96,tier4 all other pairs,0.016852878555313144,0.017130145555502074,-0.0173700282947562
