set,block,seed,gain,placebo,null
included [POS CTRL],1,1,0.4522116348865677,0.0,-0.0005336474924078072
included [POS CTRL],1,2,0.4558609345249858,-1.1102230246251565e-16,-0.00043207567405312286
included [POS CTRL],1,3,0.4512706958973671,0.0,-0.0006522481403249403
included [POS CTRL],1,4,0.4489895965719105,0.0,-0.0011190977532772317
included [POS CTRL],4,1,0.09099988476786014,3.3306690738754696e-16,-0.0013565785286682175
included [POS CTRL],4,2,0.1007174123309319,-1.1102230246251565e-16,-0.006267592313710102
included [POS CTRL],4,3,0.09339017741746936,0.0,-0.00240379744535435
included [POS CTRL],4,4,0.08290785416713342,0.0,-0.0035389161859763485
included [POS CTRL],7,1,0.014982161056381615,0.0,-0.003122145269948362
included [POS CTRL],7,2,0.0147619601059783,0.0,-0.003375276173575581
included [POS CTRL],7,3,0.015856731467383978,0.0,-0.0050665771785667335
included [POS CTRL],7,4,0.019264271330665217,2.220446049250313e-16,-0.0038461375591283264
included [POS CTRL],8,1,0.0161763634524853,0.0,-0.004530155442854067
included [POS CTRL],8,2,0.004086540428627328,0.0,-0.0031691148802783786
included [POS CTRL],8,3,0.020308975789755768,0.0,-0.0029762914906662497
included [POS CTRL],8,4,0.021995312313642046,0.0,-0.003832139760328812
included [POS CTRL],9,1,0.03094809346992322,1.1102230246251565e-16,-0.0042989413577833036
included [POS CTRL],9,2,0.036930264797695234,1.1102230246251565e-16,-0.0052770949169197445
included [POS CTRL],9,3,0.03059587962740029,0.0,-0.002026614809574112
included [POS CTRL],9,4,0.03469937040718607,0.0,-0.0026715209658132455
included [POS CTRL],11,1,0.016447862886000753,0.0,-0.006047309671747159
included [POS CTRL],11,2,0.02128533163656221,0.0,-0.008566100790450393
included [POS CTRL],11,3,0.030833923806295793,0.0,-0.00498502209363072
included [POS CTRL],11,4,0.02284388972502005,0.0,-0.004254917533011882
included [POS CTRL],13,1,0.08553368133366568,0.0,-0.0007539273068273289
included [POS CTRL],13,2,0.08809674044760085,0.0,-0.0010683583078174852
included [POS CTRL],13,3,0.09059619737753366,0.0,-0.0012530867118299982
included [POS CTRL],13,4,0.08799426502148633,0.0,-0.001009038485461966
included [POS CTRL],17,1,0.041700388226084684,0.0,-0.00786125315491848
included [POS CTRL],17,2,0.017941201298480758,2.220446049250313e-16,-0.006710823523336962
included [POS CTRL],17,3,0.02164413967398704,0.0,-0.005402256987377507
included [POS CTRL],17,4,0.021427791583208178,0.0,-0.0037276574957334496
included [POS CTRL],19,1,0.03339281688430651,0.0,-0.0010994792852938584
included [POS CTRL],19,2,0.04074399147944263,0.0,-0.0031579998594611913
included [POS CTRL],19,3,0.03763179967079067,0.0,-0.0033898049020002485
included [POS CTRL],19,4,0.042382247062707545,0.0,-0.0019742806068905328
included [POS CTRL],20,1,0.02575110268676084,0.0,-0.0008965614158260582
included [POS CTRL],20,2,0.02221872740237174,0.0,-0.0025425544411337153
included [POS CTRL],20,3,0.022082155323696173,0.0,-0.001085177003789406
included [POS CTRL],20,4,0.022456313205613365,0.0,-0.0012092254097137989
included [POS CTRL],29,1,0.06433710108252177,0.0,-0.000950792875552553
included [POS CTRL],29,2,0.06554704276933254,0.0,-0.001498898378129443
included [POS CTRL],29,3,0.06339727758036462,0.0,-0.001782399788056388
included [POS CTRL],29,4,0.061777572124940505,-1.1102230246251565e-16,-0.0013827984923082681
included [POS CTRL],36,1,0.050911234961027785,0.0,-0.0027327294786944067
included [POS CTRL],36,2,0.04936090371310953,0.0,-0.002578897703364502
included [POS CTRL],36,3,0.04975496605155916,-2.220446049250313e-16,-0.004299749815936615
included [POS CTRL],36,4,0.05261437947617309,0.0,-0.004565283664586084
included [POS CTRL],39,1,0.023859406221754975,0.0,-0.004253385534693899
included [POS CTRL],39,2,0.0245201841821171,0.0,-0.0013113306816135983
included [POS CTRL],39,3,0.021039529634553467,0.0,-0.004020075319107086
included [POS CTRL],39,4,0.023581114095723277,0.0,-0.005546060466172786
included [POS CTRL],42,1,0.03880591915047227,2.220446049250313e-16,-0.007167079290344436
included [POS CTRL],42,2,0.023211661378279014,0.0,-0.010412527277953498
included [POS CTRL],42,3,0.025942738818644062,0.0,-0.0027130080298097825
included [POS CTRL],42,4,0.03150811697409717,0.0,-0.005903687239010691
included [POS CTRL],48,1,0.028181374985083996,-1.1102230246251565e-16,-0.003374776008597813
included [POS CTRL],48,2,0.032330711578113513,1.1102230246251565e-16,-0.0027204840367093253
included [POS CTRL],48,3,0.02215387561215909,0.0,-0.0002374050827047558
included [POS CTRL],48,4,0.029845537240852038,0.0,-0.0034582013483084317
included [POS CTRL],51,1,0.0074317948233484366,0.0,-0.013240735373337253
included [POS CTRL],51,2,0.011770978124650444,0.0,0.0011856157361986863
included [POS CTRL],51,3,0.006568415406839723,0.0,-0.015719416944089737
included [POS CTRL],51,4,0.006689062098128584,0.0,-0.009997381110791626
included [POS CTRL],53,1,0.03707919294522588,0.0,-0.0035623178630647123
included [POS CTRL],53,2,0.038553157767515445,0.0,-0.0032408950377593726
included [POS CTRL],53,3,0.04082659632256325,0.0,-0.0020901603829057702
included [POS CTRL],53,4,0.04233741274166469,0.0,-0.001967776154326195
included [POS CTRL],55,1,0.07458900034213267,0.0,-0.0013328282883188214
included [POS CTRL],55,2,0.0699048559086679,0.0,-0.00195676198345629
included [POS CTRL],55,3,0.0703560529540932,0.0,-0.0021357888578300566
included [POS CTRL],55,4,0.06734141702590835,0.0,-0.001306854941422908
included [POS CTRL],62,1,0.09403166451000189,0.0,-0.0018625202077366954
included [POS CTRL],62,2,0.09453753226226058,-1.1102230246251565e-16,-0.00382425433010658
included [POS CTRL],62,3,0.10069629939419455,0.0,-0.002781907094942082
included [POS CTRL],62,4,0.09218914559657754,0.0,-0.0010834895460765104
included [POS CTRL],63,1,0.055324827059644144,0.0,-0.003722732628570591
included [POS CTRL],63,2,0.056182983824177524,0.0,-0.0006467722244896112
included [POS CTRL],63,3,0.05350776087938547,-1.1102230246251565e-16,-0.0021489455072787322
included [POS CTRL],63,4,0.053395391192296415,-1.1102230246251565e-16,-0.00231895603108212
included [POS CTRL],67,1,0.03512949479187255,-1.1102230246251565e-16,-0.0013938415203940124
included [POS CTRL],67,2,0.035681828894369993,0.0,-0.0018122430171645387
included [POS CTRL],67,3,0.03529561658079561,0.0,-0.00029795189941062006
included [POS CTRL],67,4,0.03298885229147974,0.0,-0.0016961975903545534
included [POS CTRL],73,1,0.03371450752587157,0.0,-0.0033588383991725035
included [POS CTRL],73,2,0.029136004045391517,0.0,-0.002687074632743758
included [POS CTRL],73,3,0.031234740973876685,1.1102230246251565e-16,-0.0036355676024534267
included [POS CTRL],73,4,0.03109004195686582,0.0,-0.0026277118003475985
included [POS CTRL],77,1,0.10719869865681497,1.1102230246251565e-16,-0.002858793323565534
included [POS CTRL],77,2,0.10657742375184442,0.0,-0.0012212621588371109
included [POS CTRL],77,3,0.10515420236567208,0.0,-0.001556947564417377
included [POS CTRL],77,4,0.1058491309499221,-1.1102230246251565e-16,-0.0014236025038534272
included [POS CTRL],79,1,0.08428606252439796,0.0,-0.000569717590520713
included [POS CTRL],79,2,0.08666416576931024,0.0,-0.0005892547720345309
included [POS CTRL],79,3,0.08609600664686379,0.0,-0.0008844147800124436
included [POS CTRL],79,4,0.08844595058984273,0.0,-0.00023194281862104482
included [POS CTRL],81,1,0.04438221021677535,0.0,-0.005191611044064515
included [POS CTRL],81,2,0.03346711380516498,0.0,-0.005134806182254814
included [POS CTRL],81,3,0.03557513544127999,1.1102230246251565e-16,-0.004919260120105129
included [POS CTRL],81,4,0.03568923175660943,2.220446049250313e-16,-0.0031123351914867925
included [POS CTRL],83,1,0.03721579369141037,-1.1102230246251565e-16,-0.00446362816020851
included [POS CTRL],83,2,0.024645368007732316,0.0,-0.008167601500294497
included [POS CTRL],83,3,0.03963227700393024,0.0,-0.009907940277971372
included [POS CTRL],83,4,0.030972313276251717,-1.1102230246251565e-16,-0.010252153722485446
included [POS CTRL],85,1,0.03754712488726153,0.0,-0.003916440017819212
included [POS CTRL],85,2,0.02796669566561094,2.220446049250313e-16,-0.006981314592677368
included [POS CTRL],85,3,0.03301368031112939,0.0,-0.004820228205160926
included [POS CTRL],85,4,0.036792218764614026,0.0,-0.0043987312546679425
included [POS CTRL],90,1,0.01476081310509969,0.0,-0.0020330162636585936
included [POS CTRL],90,2,0.01233931567731228,0.0,-0.0030124536982836236
included [POS CTRL],90,3,0.01573754145316575,0.0,-0.0008888399015162252
included [POS CTRL],90,4,0.018540686586716704,0.0,-0.0022529533220586595
included [POS CTRL],91,1,0.022275528723339044,0.0,-0.006028706155377428
included [POS CTRL],91,2,0.009847860744831682,0.0,-0.0037181933619749863
included [POS CTRL],91,3,0.018465078739052343,0.0,-0.01046937418876781
included [POS CTRL],91,4,0.02710840522958191,0.0,-0.004257022158929091
included [POS CTRL],92,1,0.05944336106125403,0.0,-0.003872637671647916
included [POS CTRL],92,2,0.06197283773518103,0.0,-0.0023821192955764126
included [POS CTRL],92,3,0.053946817537456004,0.0,-0.0016408684210954538
included [POS CTRL],92,4,0.05577873996116123,0.0,-0.0030528688203920185
included [POS CTRL],93,1,0.08887449472479747,0.0,-0.0025679544671481924
included [POS CTRL],93,2,0.0916942342557453,0.0,-0.002800166692957906
included [POS CTRL],93,3,0.08795173375899656,0.0,-0.0025277649768351562
included [POS CTRL],93,4,0.09078042841220124,0.0,-0.002736730386275643
included [POS CTRL],96,1,0.03371717111463879,0.0,-0.0019011112629959692
included [POS CTRL],96,2,0.040010342627341156,0.0,-0.0015788248930691529
included [POS CTRL],96,3,0.03195814482472803,0.0,-0.0020952248550725194
included [POS CTRL],96,4,0.03454866852220162,0.0,-0.006409935218243179
excluded,0,1,0.029125829892981958,2.220446049250313e-16,-0.0007087269070725766
excluded,0,2,0.02744071421053107,0.0,-0.00021562922303219878
excluded,0,3,0.024408986947443645,0.0,-0.0005493946572091568
excluded,0,4,0.024686900706901382,0.0,-0.0009159206997549907
excluded,6,1,0.005046600690350345,2.220446049250313e-16,-0.007882796939923775
excluded,6,2,0.0085366019524874,1.1102230246251565e-16,-0.009250648312732035
excluded,6,3,0.00894557680944863,0.0,-0.006409026986283317
excluded,6,4,0.010303828207383292,0.0,-0.007181829348483548
excluded,10,1,0.006841968266649845,0.0,-0.002483012638687221
excluded,10,2,0.0021823357444976654,0.0,-0.011445022361553425
excluded,10,3,0.02407926330883059,-2.220446049250313e-16,0.0002764487104742752
excluded,10,4,0.011539712374199596,0.0,-0.009253968177823646
excluded,31,1,0.011042231841966066,0.0,-0.0032572340724053017
excluded,31,2,0.006776460900698056,0.0,-0.007722895583351597
excluded,31,3,0.02104724454977902,1.1102230246251565e-16,-0.002842348698515962
excluded,31,4,0.009846689101707606,0.0,-0.0023692436186607546
excluded,32,1,0.024041793757591745,0.0,-0.0019393387773614101
excluded,32,2,0.027825279044607076,0.0,-0.0020713474554258093
excluded,32,3,0.023986355120186986,0.0,-0.0007327164135871866
excluded,32,4,0.028069634622724937,1.1102230246251565e-16,-0.003621853842656897
excluded,34,1,-0.008015067689975952,0.0,-0.0030224652133473695
excluded,34,2,-0.004225762151884083,-2.220446049250313e-16,-0.010072918730244074
excluded,34,3,-0.0025182871875661927,0.0,-0.0033175183346694226
excluded,34,4,0.0009514554941209008,-3.3306690738754696e-16,-0.008991730837276446
excluded,40,1,-0.011373922337909681,0.0,-0.00938672099633564
excluded,40,2,-0.009456070672291927,0.0,-0.0006474540462042544
excluded,40,3,-0.005275341113953447,0.0,-0.008186663409675887
excluded,40,4,0.006768290680766564,0.0,-0.013583201988777827
excluded,44,1,0.008984132990586091,2.220446049250313e-16,-0.008971853577862454
excluded,44,2,0.014516835966038921,0.0,-0.023729567338955038
excluded,44,3,0.010758046857995751,0.0,-0.013682606857698953
excluded,44,4,0.011949670262319745,0.0,-0.01443850896626031
excluded,45,1,0.03081709226395657,0.0,-0.023410882011406287
excluded,45,2,-0.007405281995455981,0.0,-0.040883772908572924
excluded,45,3,-0.013108982821463222,0.0,-0.026177956073558217
excluded,45,4,0.010928282792696198,0.0,-0.02633889679330248
excluded,57,1,-0.006685094060393526,-2.220446049250313e-16,-0.016671719910419602
excluded,57,2,-0.007986466411060933,0.0,-0.024949668586557117
excluded,57,3,-0.009622560789353862,0.0,-0.023309566659508674
excluded,57,4,0.032027044238390645,4.440892098500626e-16,-0.028660285191644874
excluded,59,1,0.010274488716307095,0.0,-0.03398575872424536
excluded,59,2,-0.0015572994612660374,0.0,-0.02787591904115172
excluded,59,3,-0.008682852307987599,0.0,-0.038330520662502865
excluded,59,4,-0.01736631745327122,0.0,-0.011638672386254267
excluded,61,1,0.02618237884890451,0.0,-0.0011075069555132044
excluded,61,2,0.02205044554799873,0.0,-0.0013722091879585507
excluded,61,3,0.028068138322423053,0.0,-0.0006359492845322556
excluded,61,4,0.03149365762213219,0.0,-0.0019132364513195776
excluded,66,1,0.026976129336997445,1.1102230246251565e-16,-0.0036073383568755446
excluded,66,2,0.020919473795939947,0.0,-0.0035489398443694364
excluded,66,3,0.014422944243930313,0.0,-0.011192650716065344
excluded,66,4,0.005504858611404262,-1.1102230246251565e-16,-0.005652908325148975
excluded,69,1,0.010833729862921637,0.0,-0.007818226485463708
excluded,69,2,0.004494122435631187,-4.440892098500626e-16,-0.01573695413673315
excluded,69,3,-0.000129950218872521,2.220446049250313e-16,-0.0065280803283125355
excluded,69,4,0.008974845742619308,0.0,-0.01881673213823254
excluded,71,1,-0.0008086780084215484,0.0,-0.01761948739590835
excluded,71,2,0.010272371299045013,0.0,-0.02263898719432933
excluded,71,3,0.00409172097587196,1.1102230246251565e-16,-0.009877010421904253
excluded,71,4,-0.0051015551569005835,0.0,-0.01254994883942484
excluded,74,1,0.014701844682244336,0.0,-0.0015740085406157345
excluded,74,2,0.009681768621201514,0.0,-0.006912399024079141
excluded,74,3,0.014414814935524656,0.0,-0.0018028528021207801
excluded,74,4,0.0006253115174498225,0.0,-0.004906400370372488
excluded,75,1,0.02556390026017541,-1.1102230246251565e-16,0.0009942676569046904
excluded,75,2,0.03155551011301283,0.0,-0.0029954270127918736
excluded,75,3,0.02321872054168128,0.0,-0.003576147351304848
excluded,75,4,0.029166305039533547,1.1102230246251565e-16,-0.002351757215683814
excluded,80,1,0.02368626755733305,0.0,-0.0018989372425879392
excluded,80,2,0.022694170512252088,0.0,-0.00138482577459631
excluded,80,3,0.022838077258883205,0.0,-0.00031968206015364764
excluded,80,4,0.023216428569240333,-2.220446049250313e-16,-0.00040109939264698635
excluded,88,1,0.027800612318115148,0.0,-0.0027934388985048075
excluded,88,2,0.027089095763161097,0.0,-0.0013912103839882617
excluded,88,3,0.027359073845744986,0.0,-0.0019346286462065265
excluded,88,4,0.03356742101614396,2.220446049250313e-16,-0.001029357732531877
excluded,89,1,-0.013101692137745147,0.0,0.00859571314847929
excluded,89,2,-0.004075277119232945,0.0,-0.024317975802924607
excluded,89,3,0.013888298742894989,-2.220446049250313e-16,-0.04267164035661386
excluded,89,4,0.013787431253825089,4.440892098500626e-16,-0.024422434085642486
excluded,94,1,0.005796902023084138,0.0,-0.004010890393567168
excluded,94,2,0.010918738122356886,0.0,-0.0030956309731937637
excluded,94,3,0.020393564812250964,0.0,-0.010741179603616535
excluded,94,4,0.01502873612337663,0.0,-0.006673821624444298
excluded,95,1,0.02849160114435334,0.0,-0.0031337570687116623
excluded,95,2,0.018191444859996908,0.0,-0.008780313285821295
excluded,95,3,0.030090708703522262,0.0,-0.009016214308942616
excluded,95,4,0.025386275443747497,0.0,-0.004104377894466604
excluded,97,1,0.028248145382820278,0.0,-0.0066766081712451575
excluded,97,2,0.02251784903143661,0.0,-0.005121909767528465
excluded,97,3,0.020603949217463557,-1.1102230246251565e-16,-0.0056833099271390575
excluded,97,4,0.024807619766116784,0.0,-0.0013551648983872733
excluded,98,1,0.009915314018428378,0.0,-0.004951075641125069
excluded,98,2,0.009119640793365691,1.1102230246251565e-16,-0.009062311244788401
excluded,98,3,0.01885899280124681,0.0,-0.008525160163275536
excluded,98,4,0.011301898920349718,0.0,-0.012224496464756318
excluded,99,1,-0.006841498078329344,-1.1102230246251565e-16,-0.005081053957695647
excluded,99,2,-0.0032083585335284104,0.0,-1.2632886978836133e-05
excluded,99,3,-0.006162631692141596,0.0,-0.006355601656331422
excluded,99,4,-0.0005927129694185407,0.0,-0.005042464603076224
excluded,100,1,0.03760463340608877,0.0,-0.004759956449213787
excluded,100,2,0.02636299572087808,2.220446049250313e-16,-0.01895793712270688
excluded,100,3,0.00320578395548754,0.0,-0.020354654965545782
excluded,100,4,0.027326393120475134,0.0,-0.018035884211984987
